Workbook

Sheet Slides+PNGs
A1: Slide # (unreliable) | B1: Slide Code (new) | C1: 2025-10 Status | D1: 2025-10 Comments | E1: Slide section | F1: Slide title text | G1: Slide description | H1: IGME data Issue? | I1: GHE data issue? | J1: WHO Map issue? | K1: New Data? | L1: Other data issue? | M1: PNG input | N1: PNG data source 1 | O1: Slide Citation | P1: Date Created | Q1: Created / Provided by | R1: Updated data expected | S1: Comment
A2: 1 | B2: TITLE | C2: DONE | E2: Master title | F2: Master title | G2: Title slide | H2: N/A | I2: N/A | J2: N/A | L2: N/A | M2: N/A | N2: =INDEX(PNGs!$J:J,MATCH($M2,PNGs!B:B,0)) -> #N/A | O2: N/A | P2: N/A | Q2: N/A | R2: N/A
A3: 2 | B3: MAT-MORTALITY-NA-TITLE-TEXT | C3: DONE | E3: Maternal mortality | F3: Maternal mortality | G3: Title slide | H3: N/A | I3: N/A | J3: N/A | K3: N/A | L3: N/A | M3: N/A | N3: =INDEX(PNGs!$J:J,MATCH($M3,PNGs!B:B,0)) -> #N/A | O3: N/A | P3: N/A | Q3: N/A | R3: N/A
A4: 3 | B4: MAT-MORTALITY-GLOBAL-MMR-MAP | C4: DONE | E4: Maternal mortality | F4: Maternal deaths per 100 000 live births (MMR), 2023 | G4: Map | H4: N/A | I4: N/A | J4: FALSE | K4: FALSE | L4: FALSE | M4: Other | N4: Report | O4: United Nations Maternal Mortality Estimation Inter-Agency Group (MMEIG) | P4: 45727 | Q4: STRONG, Kathleen Louise strongk@who.int
A5: 4 | B5: MAT-MORTALITY-GLOBAL-MMR&DEATHS-TREND | C5: Issue | D5: SRH: equivalent to estimates_World.csv and estimates_WHO_region.csv and estimates_World_Bank_Income.csvavailable? Or should we use GHO data? | E5: Maternal mortality | F5: Maternal mortality: 287,000 maternal deaths in 2020 | G5: Maternal mortality ratio + Number of maternal deaths | H5: N/A | I5: N/A | J5: N/A | M5: Maternal_MMR_trends2000-2020_dim2.png | N5: =INDEX(PNGs!$J:J,MATCH($M5,PNGs!B:B,0)) -> estimates_World.csv | O5: Trends in maternal mortality 2000 to 2020: estimates by WHO, UNICEF, UNFPA, World Bank Group and UNDESA/Population Division. Geneva: World Health Organization; 2023 | P5: 2023-05 | Q5: PEVEN, Kimberly pevenk@who.int / kpeven@gmail.com | S5: The png is used twice, but this one feels like it is the correct one.
A6: 4 | B6: MAT-MORTALITY-GLOBAL-MMR&DEATHS-TREND | C6: Issue | D6: SRH: equivalent to estimates_World.csv and estimates_WHO_region.csv and estimates_World_Bank_Income.csvavailable? Or should we use GHO data? | E6: Maternal mortality | F6: Maternal mortality: 287,000 maternal deaths in 2020 | G6: Maternal mortality ratio + Number of maternal deaths | H6: N/A | I6: N/A | J6: N/A | M6: Maternal_numDeaths_trends2000-2020_dim2.png | N6: =INDEX(PNGs!$J:J,MATCH($M6,PNGs!B:B,0)) -> estimates_World.csv | O6: Trends in maternal mortality 2000 to 2020: estimates by WHO, UNICEF, UNFPA, World Bank Group and UNDESA/Population Division. Geneva: World Health Organization; 2023 | P6: 2023-05 | Q6: PEVEN, Kimberly pevenk@who.int / kpeven@gmail.com
A7: 5 | B7: MAT-MORTALITY-GLOBAL-MMR-TREND | C7: Issue | D7: SRH: equivalent to estimates_World.csv and estimates_WHO_region.csv and estimates_World_Bank_Income.csvavailable? Or should we use GHO data? | E7: Maternal mortality | F7: Maternal mortality: 287,000 maternal deaths in 2020 | G7: Maternal mortality ratio | H7: N/A | I7: N/A | J7: N/A | M7: Maternal_MMR_trends2000-2020_dim1.png | N7: =INDEX(PNGs!$J:J,MATCH($M7,PNGs!B:B,0)) -> estimates_World.csv | O7: Trends in maternal mortality 2000 to 2020: estimates by WHO, UNICEF, UNFPA, World Bank Group and UNDESA/Population Division. Geneva: World Health Organization; 2023 | P7: 2023-05 | Q7: PEVEN, Kimberly pevenk@who.int / kpeven@gmail.com
A8: 6 | B8: MAT-MORTALITY-GLOBAL-DEATHS-TREND | C8: Issue | D8: SRH: equivalent to estimates_World.csv and estimates_WHO_region.csv and estimates_World_Bank_Income.csvavailable? Or should we use GHO data? | E8: Maternal mortality | F8: Maternal mortality: 287,000 maternal deaths in 2020 | G8: Number of maternal deaths | H8: N/A | I8: N/A | J8: N/A | M8: Maternal_numDeaths_trends2000-2020_dim1.png | N8: =INDEX(PNGs!$J:J,MATCH($M8,PNGs!B:B,0)) -> estimates_World.csv | O8: Trends in maternal mortality 2000 to 2020: estimates by WHO, UNICEF, UNFPA, World Bank Group and UNDESA/Population Division. Geneva: World Health Organization; 2023 | P8: 2023-05 | Q8: PEVEN, Kimberly pevenk@who.int / kpeven@gmail.com
A9: 7 | B9: MAT-MORTALITY-WHOREGION-MMR-TREND | C9: Issue | D9: SRH: equivalent to estimates_World.csv and estimates_WHO_region.csv and estimates_World_Bank_Income.csvavailable? Or should we use GHO data? | E9: Maternal mortality | F9: Maternal mortality ratio | G9: Maternal mortality ratio by WHO region | H9: N/A | I9: N/A | J9: N/A | M9: Maternal_MMR_trends_WHOreg_2000-2020_dim1.png | N9: =INDEX(PNGs!$J:J,MATCH($M9,PNGs!B:B,0)) -> estimates_WHO_region.csv | O9: Trends in maternal mortality 2000 to 2020: estimates by WHO, UNICEF, UNFPA, World Bank Group and UNDESA/Population Division. Geneva: World Health Organization; 2023 | P9: 2023-05 | Q9: PEVEN, Kimberly pevenk@who.int / kpeven@gmail.com
A10: 8 | B10: MAT-MORTALITY-WBINCOME-MMR-TREND | C10: Issue | D10: SRH: equivalent to estimates_World_Bank_Income.csvavailable? | E10: Maternal mortality | F10: Maternal mortality ratio | G10: Maternal mortality ratio by Income | H10: N/A | I10: N/A | J10: N/A | M10: Maternal_MMR_trends_income_2000-2020_dim1.png | N10: =INDEX(PNGs!$J:J,MATCH($M10,PNGs!B:B,0)) -> estimates_World_Bank_Income.csv | O10: Trends in maternal mortality 2000 to 2020: estimates by WHO, UNICEF, UNFPA, World Bank Group and UNDESA/Population Division. Geneva: World Health Organization; 2023 | P10: 2023-05 | Q10: PEVEN, Kimberly pevenk@who.int / kpeven@gmail.com
A11: 9 | B11: MAT-MORTALITY-GLOBAL-COD-VERTSTACK | C11: Issue | D11: SRH: has Say2014_LGH_MatCauseDeath.xlsx been updated? | E11: Maternal mortality | F11: Maternal Causes of Death, 2014 | G11: Maternal Causes of Death, 2014 - stacked vertical bar graph | H11: N/A | I11: N/A | J11: N/A | M11: Maternal_CauseDeath_stackBar_Say_LGH_2014.png | N11: =INDEX(PNGs!$J:J,MATCH($M11,PNGs!B:B,0)) -> Say2014_LGH_MatCauseDeath.xlsx | O11: Say et al, Lancet Global Health, 2014 | P11: 2021-11 | Q11: PEVEN, Kimberly pevenk@who.int / kpeven@gmail.com
A12: 10 | B12: MAT-MORTALITY-GLOBAL-COD-PIE | C12: Issue | D12: SRH: has Say2014_LGH_MatCauseDeath.xlsx been updated? | E12: Maternal mortality | F12: Maternal Causes of Death, 2014 | G12: Maternal Causes of Death, 2014 - Pie chart | H12: N/A | I12: N/A | J12: N/A | M12: Maternal_CauseDeath_pie_Say_LGH_2014.png | N12: =INDEX(PNGs!$J:J,MATCH($M12,PNGs!B:B,0)) -> Say2014_LGH_MatCauseDeath.xlsx | O12: Say et al, Lancet Global Health, 2014 | P12: 2021-11 | Q12: PEVEN, Kimberly pevenk@who.int / kpeven@gmail.com
A13: 11 | B13: MAT-STILBIRTH-NA-TITLE-TEXT | C13: DONE | E13: Stillbirth | F13: Stillbirth | G13: Title slide | H13: N/A | I13: N/A | J13: N/A | L13: N/A | M13: N/A | N13: =INDEX(PNGs!$J:J,MATCH($M13,PNGs!B:B,0)) -> #N/A | O13: N/A | P13: N/A | Q13: N/A | R13: N/A
A14: 12 | B14: MAT-STILBIRTH-GLOBAL-NUMBER&RATE-TREND | E14: Stillbirth | F14: 1.9 babies were born stillbirth in 2021 | G14: Number of stillbirths + Stillbirth rate (Global) | H14: N/A | I14: N/A | J14: N/A | L14: FALSE | M14: Other | N14: =INDEX(PNGs!$J:J,MATCH($M14,PNGs!B:B,0)) -> 0 | O14: UN-IGME Never Forgotten: The situation of stillbirth around the globe, 2023 | P14: ? | R14: ?
A15: 13 | B15: MAT-STILBIRTH-GLOBAL-RATE_NEONATAL_STILLBIRTH-TREND | E15: Stillbirth | F15: 1.9 babies were born stillbirth in 2021 | G15: Neonatal mortality rate + Stillbirth rate | H15: Dodged | I15: N/A | J15: N/A | M15: nmr_stillbirth.png | N15: =INDEX(PNGs!$J:J,MATCH($M15,PNGs!B:B,0)) -> Stillbirth-rate-and-deaths_2023.xlsx | O15: UN-IGME Never Forgotten: The situation of stillbirth around the globe, 2023 | P15: 2024-04 | S15: Data came directly from IGME, so not impacted by MCA error
A16: 14 | B16: MAT-STILBIRTH-NA-DEFINITIONS-INFO | E16: Stillbirth | F16: Clear definitions are needed for international comparisons | G16: Timeline | H16: N/A | I16: N/A | J16: N/A | L16: FALSE | M16: Other | N16: =INDEX(PNGs!$J:J,MATCH($M16,PNGs!B:B,0)) -> 0 | O16: UN-IGME Never Forgotten: The situation of stillbirth around the globe, 2023 | P16: ? | R16: ?
A17: 15 | B17: MAT-STILBIRTH-GLOBAL-LOCATION-MAP | E17: Stillbirth | F17: Where do most stillbirths take place? | G17: Map | H17: N/A | I17: N/A | J17: FALSE | L17: FALSE | M17: Other | N17: =INDEX(PNGs!$J:J,MATCH($M17,PNGs!B:B,0)) -> 0 | O17: UN-IGME Never Forgotten: The situation of stillbirth around the globe, 2023 | P17: ? | R17: ?
A18: 16 | B18: MAT-STILBIRTH-GLOBAL-TIMING-MAP | E18: Stillbirth | F18: When do most stillbirths occur? | G18: Map | H18: N/A | I18: N/A | J18: FALSE | L18: FALSE | M18: Other | N18: =INDEX(PNGs!$J:J,MATCH($M18,PNGs!B:B,0)) -> 0 | O18: UN-IGME Never Forgotten: The situation of stillbirth around the globe, 2023 | P18: ? | R18: ?
A19: 17 | B19: MAT-STILBIRTH-GLOBAL-TRENDS-MAP | E19: Stillbirth | F19: If current trends continue | G19: Map | H19: N/A | I19: N/A | J19: FALSE | L19: FALSE | M19: Other | N19: =INDEX(PNGs!$J:J,MATCH($M19,PNGs!B:B,0)) -> 0 | O19: UN-IGME Never Forgotten: The situation of stillbirth around the globe, 2023 | P19: ? | R19: ?
A20: 18 | B20: MAT-STILBIRTH-NA-REQUIREMENTS_ENDING-INFO | E20: Stillbirth | F20: Requirements for ending preventable stillbirths | G20: bullet points | H20: N/A | I20: N/A | J20: N/A | L20: FALSE | M20: Other | N20: =INDEX(PNGs!$J:J,MATCH($M20,PNGs!B:B,0)) -> 0 | O20: UN-IGME Never Forgotten: The situation of stillbirth around the globe, 2023 | P20: ? | R20: ?
A21: 19 | B21: NEW-MORTALITY-NA-TITLE-TEXT | C21: DONE | E21: Neonatal mortality | F21: Neonatal mortality | G21: Title slide | H21: N/A | I21: N/A | J21: N/A | L21: N/A | M21: N/A | N21: =INDEX(PNGs!$J:J,MATCH($M21,PNGs!B:B,0)) -> #N/A | O21: N/A | P21: N/A | Q21: N/A | R21: N/A
A22: 20 | B22: NEW-MORTALITY-GLOBAL-NMR-MAP | E22: Neonatal mortality | F22: Neonatal mortality | G22: Neonatal mortality rate map | H22: N/A | I22: N/A | J22: FALSE | L22: FALSE | M22: Other | N22: https://childmortality.org/wp-content/uploads/2024/03/UNIGME-2023-Child-Mortality-Report.pdf | O22: United Nations Inter-agency Group for Child Mortality Estimation (UN IGME), Levels & Trends in Child Mortality: Report 2023, Estimates developed by the United Nations Inter-agency Group for Child Mortality Estimation, United Nations Children’s Fund, New York, 2024 | R22: 2025-04
A23: 21 | B23: NEW-MORTALITY-GLOBAL-NMR&DEATHS-TREND | E23: Neonatal mortality | F23: 2.3 million deaths in 2022 | G23: Neonatal Mortality rates + neonatal number of deaths (global) | H23: Dodged | I23: N/A | J23: N/A | M23: 2023unigme_deaths_nmr_dim2.png | N23: =INDEX(PNGs!$J:J,MATCH($M23,PNGs!B:B,0)) -> UNIGME-2023-SDGRegion-Rates-Deaths-Under-five.xlsx | O23: United Nations Inter-agency Group for Child Mortality Estimation (UN IGME), Levels & Trends in Child Mortality: Report 2023, Estimates developed by the United Nations Inter-agency Group for Child Mortality Estimation, United Nations Children’s Fund, New York, 2024 | P23: 2024-04 | R23: 2025-04 | S23: Data came directly from IGME, so not impacted by MCA error
A24: 21 | B24: NEW-MORTALITY-GLOBAL-NMR&DEATHS-TREND | E24: Neonatal mortality | F24: 2.3 million deaths in 2022 | G24: Neonatal Mortality rates + neonatal number of deaths (global) | H24: Dodged | I24: N/A | J24: N/A | M24: 2023unigme_rates_nmr_dim2.png | N24: =INDEX(PNGs!$J:J,MATCH($M24,PNGs!B:B,0)) -> UNIGME-2023-SDGRegion-Rates-Deaths-Under-five.xlsx | O24: United Nations Inter-agency Group for Child Mortality Estimation (UN IGME), Levels & Trends in Child Mortality: Report 2023, Estimates developed by the United Nations Inter-agency Group for Child Mortality Estimation, United Nations Children’s Fund, New York, 2024 | P24: 2024-04 | R24: 2025-04 | S24: Data came directly from IGME, so not impacted by MCA error
A25: 22 | B25: NEW-MORTALITY-GLOBAL-RATE&DEATHS_NMR&IMR-TREND | E25: Neonatal mortality | F25: 2.3 million deaths in 2022 | G25: Neonatal Mortality rates + neonatal number of deaths (global) Infant Mortality rates + Infant number of deaths (global) | H25: Dodged | I25: N/A | J25: N/A | M25: 2023unigme_deaths_nmr_imr_dim2.png | N25: =INDEX(PNGs!$J:J,MATCH($M25,PNGs!B:B,0)) -> UNIGME-2023-SDGRegion-Rates-Deaths-Under-five.xlsx | O25: United Nations Inter-agency Group for Child Mortality Estimation (UN IGME), Levels & Trends in Child Mortality: Report 2023, Estimates developed by the United Nations Inter-agency Group for Child Mortality Estimation, United Nations Children’s Fund, New York, 2024 | P25: 2024-04 | R25: 2025-04 | S25: Data came directly from IGME, so not impacted by MCA error
A26: 22 | B26: NEW-MORTALITY-GLOBAL-RATE&DEATHS_NMR&IMR-TREND | E26: Neonatal mortality | F26: 2.3 million deaths in 2022 | G26: Neonatal Mortality rates + neonatal number of deaths (global) Infant Mortality rates + Infant number of deaths (global) | H26: Dodged | I26: N/A | J26: N/A | M26: 2023unigme_rates_nmr_imr_dim2.png | N26: =INDEX(PNGs!$J:J,MATCH($M26,PNGs!B:B,0)) -> UNIGME-2023-SDGRegion-Rates-Deaths-Under-five.xlsx | O26: United Nations Inter-agency Group for Child Mortality Estimation (UN IGME), Levels & Trends in Child Mortality: Report 2023, Estimates developed by the United Nations Inter-agency Group for Child Mortality Estimation, United Nations Children’s Fund, New York, 2024 | P26: 2024-04 | R26: 2025-04 | S26: Data came directly from IGME, so not impacted by MCA error
A27: 23 | B27: NEW-MORTALITY-GLOBAL-RATE&DEATHS_NMR&IMR&CMR-TREND | E27: Neonatal mortality | F27: 2.3 million deaths in 2022 | G27: Neonatal Mortality rates + neonatal number of deaths (global) Infant Mortality rates + Infant number of deaths (global) Child Mortality rates + Child number of deaths (global) | H27: Dodged | I27: N/A | J27: N/A | M27: 2023unigme_deaths_nmr_imr_cmr_dim2.png | N27: =INDEX(PNGs!$J:J,MATCH($M27,PNGs!B:B,0)) -> UNIGME-2023-SDGRegion-Rates-Deaths-Under-five.xlsx | O27: United Nations Inter-agency Group for Child Mortality Estimation (UN IGME), Levels & Trends in Child Mortality: Report 2023, Estimates developed by the United Nations Inter-agency Group for Child Mortality Estimation, United Nations Children’s Fund, New York, 2024 | P27: 2024-04 | R27: 2025-04 | S27: Data came directly from IGME, so not impacted by MCA error
A28: 23 | B28: NEW-MORTALITY-GLOBAL-RATE&DEATHS_NMR&IMR&CMR-TREND | E28: Neonatal mortality | F28: 2.3 million deaths in 2022 | G28: Neonatal Mortality rates + neonatal number of deaths (global) Infant Mortality rates + Infant number of deaths (global) Child Mortality rates + Child number of deaths (global) | H28: Dodged | I28: N/A | J28: N/A | M28: 2023unigme_rates_nmr_imr_cmr_dim2.png | N28: =INDEX(PNGs!$J:J,MATCH($M28,PNGs!B:B,0)) -> UNIGME-2023-SDGRegion-Rates-Deaths-Under-five.xlsx | O28: United Nations Inter-agency Group for Child Mortality Estimation (UN IGME), Levels & Trends in Child Mortality: Report 2023, Estimates developed by the United Nations Inter-agency Group for Child Mortality Estimation, United Nations Children’s Fund, New York, 2024 | P28: 2024-04 | R28: 2025-04 | S28: Data came directly from IGME, so not impacted by MCA error
A29: 24 | B29: NEW-MORTALITY-GLOBAL-RATE&DEATHS_NMR&IMR&CMR&U5MR-TREND | E29: Neonatal mortality | F29: 2.3 million deaths in 2022 | G29: Neonatal Mortality rates + neonatal number of deaths (global) Infant Mortality rates + Infant number of deaths (global) Child Mortality rates + Child number of deaths (global) Under 5 Mortality rates + Under 5 number of deaths (global) | H29: Dodged | I29: N/A | J29: N/A | M29: 2023unigme_deaths_nmr_imr_cmr_u5mr_dim2.png | N29: =INDEX(PNGs!$J:J,MATCH($M29,PNGs!B:B,0)) -> UNIGME-2023-SDGRegion-Rates-Deaths-Under-five.xlsx | O29: United Nations Inter-agency Group for Child Mortality Estimation (UN IGME), Levels & Trends in Child Mortality: Report 2023, Estimates developed by the United Nations Inter-agency Group for Child Mortality Estimation, United Nations Children’s Fund, New York, 2024 | P29: 2024-04 | R29: 2025-04 | S29: Data came directly from IGME, so not impacted by MCA error
A30: 24 | B30: NEW-MORTALITY-GLOBAL-RATE&DEATHS_NMR&IMR&CMR&U5MR-TREND | E30: Neonatal mortality | F30: 2.3 million deaths in 2022 | G30: Neonatal Mortality rates + neonatal number of deaths (global) Infant Mortality rates + Infant number of deaths (global) Child Mortality rates + Child number of deaths (global) Under 5 Mortality rates + Under 5 number of deaths (global) | H30: Dodged | I30: N/A | J30: N/A | M30: 2023unigme_rates_nmr_imr_cmr_u5mr_dim2.png | N30: =INDEX(PNGs!$J:J,MATCH($M30,PNGs!B:B,0)) -> UNIGME-2023-SDGRegion-Rates-Deaths-Under-five.xlsx | O30: United Nations Inter-agency Group for Child Mortality Estimation (UN IGME), Levels & Trends in Child Mortality: Report 2023, Estimates developed by the United Nations Inter-agency Group for Child Mortality Estimation, United Nations Children’s Fund, New York, 2024 | P30: 2024-04 | R30: 2025-04 | S30: Data came directly from IGME, so not impacted by MCA error
A31: 25 | B31: NEW-MORTALITY-GLOBAL-RATE_NMR-TREND | E31: Neonatal mortality | F31: 2.3 million deaths in 2022 | G31: Neonatal Mortality rates (global) | H31: Dodged | I31: N/A | J31: N/A | M31: 2023unigme_rates_nmr_dim1.png | N31: =INDEX(PNGs!$J:J,MATCH($M31,PNGs!B:B,0)) -> UNIGME-2023-SDGRegion-Rates-Deaths-Under-five.xlsx | O31: United Nations Inter-agency Group for Child Mortality Estimation (UN IGME), Levels & Trends in Child Mortality: Report 2023, Estimates developed by the United Nations Inter-agency Group for Child Mortality Estimation, United Nations Children’s Fund, New York, 2024 | P31: 2024-04 | R31: 2025-04 | S31: Data came directly from IGME, so not impacted by MCA error
A32: 26 | B32: NEW-MORTALITY-GLOBAL-RATE_NMR&IMR-TREND | E32: Neonatal mortality | F32: 2.3 million deaths in 2022 | G32: Neonatal Mortality rates Infant Mortality rates (global) | H32: Dodged | I32: N/A | J32: N/A | M32: 2023unigme_rates_nmr_imr_dim1.png | N32: =INDEX(PNGs!$J:J,MATCH($M32,PNGs!B:B,0)) -> UNIGME-2023-SDGRegion-Rates-Deaths-Under-five.xlsx | O32: United Nations Inter-agency Group for Child Mortality Estimation (UN IGME), Levels & Trends in Child Mortality: Report 2023, Estimates developed by the United Nations Inter-agency Group for Child Mortality Estimation, United Nations Children’s Fund, New York, 2024 | P32: 2024-04 | R32: 2025-04 | S32: Data came directly from IGME, so not impacted by MCA error
A33: 27 | B33: NEW-MORTALITY-GLOBAL-RATE_NMR&IMR&CMR-TREND | E33: Neonatal mortality | F33: 2.3 million deaths in 2022 | G33: Neonatal Mortality rates Infant Mortality rates Child Mortality rates (global) | H33: Dodged | I33: N/A | J33: N/A | M33: 2023unigme_rates_nmr_imr_cmr_dim1.png | N33: =INDEX(PNGs!$J:J,MATCH($M33,PNGs!B:B,0)) -> UNIGME-2023-SDGRegion-Rates-Deaths-Under-five.xlsx | O33: United Nations Inter-agency Group for Child Mortality Estimation (UN IGME), Levels & Trends in Child Mortality: Report 2023, Estimates developed by the United Nations Inter-agency Group for Child Mortality Estimation, United Nations Children’s Fund, New York, 2024 | P33: 2024-04 | R33: 2025-04 | S33: Data came directly from IGME, so not impacted by MCA error. The png is used twice, but this one feels like it is the correct one.
A34: 28 | B34: NEW-MORTALITY-GLOBAL-RATE_NMR&IMR&CMR&U5MR-TREND | E34: Neonatal mortality | F34: 2.3 million deaths in 2022 | G34: Neonatal Mortality rates Infant Mortality rates Child Mortality rates Under 5 Mortality rates (global) | H34: Dodged | I34: N/A | J34: N/A | M34: 2023unigme_rates_nmr_imr_cmr_u5mr_dim1.png | N34: =INDEX(PNGs!$J:J,MATCH($M34,PNGs!B:B,0)) -> UNIGME-2023-SDGRegion-Rates-Deaths-Under-five.xlsx | O34: United Nations Inter-agency Group for Child Mortality Estimation (UN IGME), Levels & Trends in Child Mortality: Report 2023, Estimates developed by the United Nations Inter-agency Group for Child Mortality Estimation, United Nations Children’s Fund, New York, 2024 | P34: 2024-04 | R34: 2025-04
A35: 29 | B35: NEW-MORTALITY-GLOBAL-DEATHS_NEO-TREND | E35: Neonatal mortality | F35: 2.3 million deaths in 2022 | G35: Neonatal number of deaths (global) | H35: Dodged | I35: N/A | J35: N/A | M35: 2023unigme_deaths_nmr_dim1.png | N35: =INDEX(PNGs!$J:J,MATCH($M35,PNGs!B:B,0)) -> UNIGME-2023-SDGRegion-Rates-Deaths-Under-five.xlsx | O35: United Nations Inter-agency Group for Child Mortality Estimation (UN IGME), Levels & Trends in Child Mortality: Report 2023, Estimates developed by the United Nations Inter-agency Group for Child Mortality Estimation, United Nations Children’s Fund, New York, 2024 | P35: 2024-04 | R35: 2025-04 | S35: Data came directly from IGME, so not impacted by MCA error
A36: 30 | B36: NEW-MORTALITY-GLOBAL-DEATHS_NEO&INF-TREND | E36: Neonatal mortality | F36: 2.3 million deaths in 2022 | G36: Neonatal number of deaths (global) Infant number of deaths (global) | H36: Dodged | I36: N/A | J36: N/A | M36: 2023unigme_deaths_nmr_imr_dim1.png | N36: =INDEX(PNGs!$J:J,MATCH($M36,PNGs!B:B,0)) -> UNIGME-2023-SDGRegion-Rates-Deaths-Under-five.xlsx | O36: United Nations Inter-agency Group for Child Mortality Estimation (UN IGME), Levels & Trends in Child Mortality: Report 2023, Estimates developed by the United Nations Inter-agency Group for Child Mortality Estimation, United Nations Children’s Fund, New York, 2024 | P36: 2024-04 | R36: 2025-04 | S36: Data came directly from IGME, so not impacted by MCA error
A37: 31 | B37: NEW-MORTALITY-GLOBAL-DEATHS_NEO&INF&CHILD-TREND | E37: Neonatal mortality | F37: 2.3 million deaths in 2022 | G37: Neonatal number of deaths (global) Infant number of deaths (global) Child number of deaths | H37: Dodged | I37: N/A | J37: N/A | M37: 2023unigme_deaths_nmr_imr_cmr_dim1.png | N37: =INDEX(PNGs!$J:J,MATCH($M37,PNGs!B:B,0)) -> UNIGME-2023-SDGRegion-Rates-Deaths-Under-five.xlsx | O37: United Nations Inter-agency Group for Child Mortality Estimation (UN IGME), Levels & Trends in Child Mortality: Report 2023, Estimates developed by the United Nations Inter-agency Group for Child Mortality Estimation, United Nations Children’s Fund, New York, 2024 | P37: 2024-04 | R37: 2025-04 | S37: Data came directly from IGME, so not impacted by MCA error. The png is used twice, but this one feels like it is the correct one.
A38: 32 | B38: NEW-MORTALITY-GLOBAL-DEATHS_NEO&INF&CHILD&U5-TREND | E38: Neonatal mortality | F38: 2.3 million deaths in 2022 | G38: Neonatal number of deaths (global) Infant number of deaths (global) Child number of deaths Under 5 number of deaths (global) | H38: Dodged | I38: N/A | J38: N/A | M38: 2023unigme_deaths_nmr_imr_cmr_u5mr_dim1.png | N38: =INDEX(PNGs!$J:J,MATCH($M38,PNGs!B:B,0)) -> UNIGME-2023-SDGRegion-Rates-Deaths-Under-five.xlsx | O38: United Nations Inter-agency Group for Child Mortality Estimation (UN IGME), Levels & Trends in Child Mortality: Report 2023, Estimates developed by the United Nations Inter-agency Group for Child Mortality Estimation, United Nations Children’s Fund, New York, 2024 | P38: 2024-04 | R38: 2025-04
A39: 33 | B39: NEW-MORTALITY-GLOBAL-RATES&DEATHS_NEO&INF&CHILD&U5-BAR | E39: Neonatal mortality | F39: Global mortality rates & number of deaths by age, 2022 | G39: Mortality rates + Number of deaths (global) vertical bar | H39: Dodged | I39: N/A | J39: N/A | M39: deathsper1000_igme2023est_0to5.png | N39: =INDEX(PNGs!$J:J,MATCH($M39,PNGs!B:B,0)) -> fig 1 from 2023 unigme report (pg 12) | O39: United Nations Inter-agency Group for Child Mortality Estimation (UN IGME), Levels & Trends in Child Mortality: Report 2023, Estimates developed by the United Nations Inter-agency Group for Child Mortality Estimation, United Nations Children’s Fund, New York, 2024 | P39: 2024-04 | R39: 2025-04 | S39: Manually taken from IGME figure, so not impacted by MCA error. deathsper1000_igme2023est_0to5.png is used in two slides, but it is ok.
A40: 33 | B40: NEW-MORTALITY-GLOBAL-RATES&DEATHS_NEO&INF&CHILD&U5-BAR | E40: Neonatal mortality | F40: Global mortality rates & number of deaths by age, 2022 | G40: Mortality rates + Number of deaths (global) vertical bar | H40: Dodged | I40: N/A | J40: N/A | M40: percentagedeaths_igme2023est_0to5.png | N40: =INDEX(PNGs!$J:J,MATCH($M40,PNGs!B:B,0)) -> fig 1 from 2023 unigme report (pg 12) | O40: United Nations Inter-agency Group for Child Mortality Estimation (UN IGME), Levels & Trends in Child Mortality: Report 2023, Estimates developed by the United Nations Inter-agency Group for Child Mortality Estimation, United Nations Children’s Fund, New York, 2024 | P40: 2024-04 | R40: 2025-04 | S40: Manually taken from IGME figure, so not impacted by MCA error. percentagedeaths_igme2023est_0to5.png is used in two slides but it is ok.
A41: 34 | B41: NEW-MORTALITY-GLOBAL-COD_NEO-VERTSTACK | E41: Neonatal mortality | F41: Leading causes of neonatal deaths globally, 2021 | G41: vertical stacked bar chart of causes (global) neonatal | H41: Dodged | I41: N/A | J41: N/A | M41: Neonatal_CauseDeath_stackBar_cacode.png | N41: =INDEX(PNGs!$J:J,MATCH($M41,PNGs!B:B,0)) -> Copy of cause of death for under 5 age groups_2021_23052024.xlsx | O41: Child and Adolescent Cause of Death Estimation Group (CA-CODE) 2021 | P41: 2024-05 | R41: 2025-04 | S41: Data came directly from Kate, so not impacted by MCA error
A42: 35 | B42: NEW-MORTALITY-GLOBAL-COD_NEO-VERTSTACK-PIE | E42: Neonatal mortality | F42: Changes in causes of newborn deaths as neonatal mortality rates decline | G42: vertical stacked bar chart of causes (global) neonatal mortality rate decline | H42: N/A | J42: N/A | L42: FALSE | M42: Other | N42: strongk@who.int | O42: Child and Adolescent Cause of Death Estimation Group (CA-CODE) 2021 | P42: 2024-05 | R42: 2025-04
A43: 36 | B43: NEW-MORTALITY-MORT-CODCHANGE_NEO-VERTSTACK | E43: Neonatal mortality | F43: Changes in causes of under-5 deaths as under-5 mortality rates decline | G43: vertical stacked bar chart of causes (global) under 5 mortality rate decline | H43: N/A | I43: N/A | J43: N/A | L43: FALSE | M43: Other | N43: strongk@who.int | O43: Child and Adolescent Cause of Death Estimation Group (CA-CODE) 2021 | P43: 2024-05 | R43: 2025-04
A44: 37 | B44: NEW-MORTALITY-MORT-CODCHANGE_U5-VERTSTACK | E44: Neonatal mortality | F44: Proportional mortality for neonates and children under-5, 2021 | G44: vertical stacked bar chart of causes (global) neonatal mortality rate decline + vertical stacked bar chart of causes (global) under 5 mortality rate decline | H44: N/A | I44: N/A | J44: N/A | L44: FALSE | M44: Other | N44: strongk@who.int | O44: Child and Adolescent Cause of Death Estimation Group (CA-CODE) 2021 | P44: 2024-05 | R44: 2025-04
A45: 38 | B45: NEW-MORTALITY-MORT-PROPMORT_NEO&U5-VERTSTACK | E45: Neonatal mortality | F45: Proportion of under 5 deaths over time by cause and region | G45: vertical stacked bar chart of causes (global) under 5 mortality rate | H45: N/A | I45: N/A | J45: N/A | L45: FALSE | M45: Other | N45: strongk@who.int | O45: Child and Adolescent Cause of Death Estimation Group (CA-CODE) 2021 | P45: 2024-05 | R45: 2025-04
A46: 39 | B46: NEW-MORTALITY-WHOREGION-PROPMORT_NEO&U5-VERTSTACK | E46: Neonatal mortality | F46: Neonatal mortality by region | G46: trendline by region | H46: FALSE | I46: N/A | J46: N/A | M46: nmr_trendsTo2022.png | N46: =INDEX(PNGs!$J:J,MATCH($M46,PNGs!B:B,0)) -> UNIGME2023.GHO.2024-04-29.KIM.csv | O46: United Nations Inter-agency Group for Child Mortality Estimation (UN IGME), Levels & Trends in Child Mortality: Report 2023, Estimates developed by the United Nations Inter-agency Group for Child Mortality Estimation, United Nations Children’s Fund, New York, 2024 | P46: 2024-04 | R46: 2025-04 | S46: All good as I checked UNIGME2023.GHO.2024-04-29.KIM.csv against current MCA aggregate data for country == "" & (indicator == "Neonatal mortality rate" | indicator == "Infant mortality rate" | indicator == "Under-five mortality rate")
A47: 40 | B47: NEW-MORTALITY-WHOREGION-RATE_NEO-TREND | E47: Neonatal mortality | F47: Infant mortality by region | G47: trendline by region | H47: FALSE | I47: N/A | J47: N/A | M47: imr_trendsTo2022.png | N47: =INDEX(PNGs!$J:J,MATCH($M47,PNGs!B:B,0)) -> UNIGME2023.GHO.2024-04-29.KIM.csv | O47: United Nations Inter-agency Group for Child Mortality Estimation (UN IGME), Levels & Trends in Child Mortality: Report 2023, Estimates developed by the United Nations Inter-agency Group for Child Mortality Estimation, United Nations Children’s Fund, New York, 2024 | P47: 2024-04 | R47: 2025-04 | S47: All good as I checked UNIGME2023.GHO.2024-04-29.KIM.csv against current MCA aggregate data for country == "" & (indicator == "Neonatal mortality rate" | indicator == "Infant mortality rate" | indicator == "Under-five mortality rate")
A48: 41 | B48: NEW-MORTALITY-WHOREGION-RATE_INF-TREND | E48: Neonatal mortality | F48: Under-five mortality by region | G48: trendline by region | H48: FALSE | I48: N/A | J48: N/A | M48: iu5r_trendsTo2022.png | N48: =INDEX(PNGs!$J:J,MATCH($M48,PNGs!B:B,0)) -> UNIGME2023.GHO.2024-04-29.KIM.csv | O48: United Nations Inter-agency Group for Child Mortality Estimation (UN IGME), Levels & Trends in Child Mortality: Report 2023, Estimates developed by the United Nations Inter-agency Group for Child Mortality Estimation, United Nations Children’s Fund, New York, 2024 | P48: 2024-04 | R48: 2025-04 | S48: All good as I checked UNIGME2023.GHO.2024-04-29.KIM.csv against current MCA aggregate data for country == "" & (indicator == "Neonatal mortality rate" | indicator == "Infant mortality rate" | indicator == "Under-five mortality rate")
A49: 42 | B49: NEW-MORTALITY-WHOREGION-RATE_U5-TREND | E49: Neonatal mortality | F49: Under-five mortality by region | G49: trendline by region (+neonatal mortality + infant mortality) | H49: FALSE | I49: N/A | J49: N/A | M49: nmr_imr_u5mr_trendsTo2022.png | N49: =INDEX(PNGs!$J:J,MATCH($M49,PNGs!B:B,0)) -> UNIGME2023.GHO.2024-04-29.KIM.csv | O49: United Nations Inter-agency Group for Child Mortality Estimation (UN IGME), Levels & Trends in Child Mortality: Report 2023, Estimates developed by the United Nations Inter-agency Group for Child Mortality Estimation, United Nations Children’s Fund, New York, 2024 | P49: 2024-04 | R49: 2025-04 | S49: All good as I checked UNIGME2023.GHO.2024-04-29.KIM.csv against current MCA aggregate data for country == "" & (indicator == "Neonatal mortality rate" | indicator == "Infant mortality rate" | indicator == "Under-five mortality rate")
A50: 43 | B50: NEW-MORTALITY-WHOREGION-RATE_NEO&INF&U5-TREND | C50: DONE | E50: MPDSR | F50: MPDSR | G50: Title slide | H50: N/A | I50: N/A | J50: N/A | L50: N/A | M50: N/A | N50: =INDEX(PNGs!$J:J,MATCH($M50,PNGs!B:B,0)) -> #N/A | O50: N/A | P50: N/A | Q50: N/A | R50: N/A
A51: 44 | B51: MIX-MPDSR-NA-TITLE-TEXT | C51: DONE | E51: MPDSR | F51: MPDSR | G51: Title slide | H51: N/A | I51: N/A | J51: N/A | L51: N/A | M51: N/A | N51: =INDEX(PNGs!$J:J,MATCH($M51,PNGs!B:B,0)) -> #N/A | O51: N/A | P51: N/A | Q51: N/A | R51: N/A
A52: 45 | B52: MIX-MPDSR-GLOBAL-REVIEW_POLICY-MAP | E52: MPDSR | F52: National guideline/policy/law requiring audit/review of maternal/perinatal death | G52: Map | H52: N/A | I52: N/A | J52: RESOLVED | M52: mpdsr_policy_MN_54.png | N52: =INDEX(PNGs!$J:J,MATCH($M52,PNGs!B:B,0)) -> PolicySurvey_All.labels.xlsx | O52: MISSING | P52: 2024-05 | S52: Redirecting to 2023 WHO SRMNCAH policy survey_all_ek_vJan2025.pptx
A53: 46 | B53: MIX-MPDSR-GLOBAL-NOTIFICATION_FACILITY_POLICY-MAP | E53: MPDSR | F53: National guideline/policy/law requiring facility deaths to be notified within 24 hours | G53: Map | H53: N/A | I53: N/A | J53: RESOLVED | M53: mpdsr_policy_MN_55.png | N53: =INDEX(PNGs!$J:J,MATCH($M53,PNGs!B:B,0)) -> PolicySurvey_All.labels.xlsx | O53: MISSING | P53: 2024-05 | S53: Redirecting to 2023 WHO SRMNCAH policy survey_all_ek_vJan2025.pptx
A54: 47 | B54: MIX-MPDSR-GLOBAL-NOTIFICATION_NONFACILITY_POLICY-MAP | E54: MPDSR | F54: National guideline/policy/law requiring non-facility deaths to be notified within 24 hours | G54: Map | H54: N/A | I54: N/A | J54: RESOLVED | M54: mpdsr_policy_MN_56.png | N54: =INDEX(PNGs!$J:J,MATCH($M54,PNGs!B:B,0)) -> PolicySurvey_All.labels.xlsx | O54: MISSING | P54: 2024-05 | S54: Redirecting to 2023 WHO SRMNCAH policy survey_all_ek_vJan2025.pptx
A55: 48 | B55: MIX-RISKFACTORS-NA-TITLE-TEXT | C55: DONE | E55: MNH Risk Factors | F55: MNH Risk Factors | G55: Title slide | H55: N/A | I55: N/A | J55: N/A | L55: N/A | M55: N/A | N55: =INDEX(PNGs!$J:J,MATCH($M55,PNGs!B:B,0)) -> #N/A | O55: N/A | P55: N/A | Q55: N/A | R55: N/A
A56: 49 | B56: MIX-RISKFACTORS-WHOREGION-LBW-BARSCAT | E56: MNH Risk Factors | F56: Low birthweight by region | G56: Low birthweight by region | H56: N/A | I56: N/A | J56: N/A | L56: FALSE | M56: LBW_region_Medians2015-2020.png | N56: =INDEX(PNGs!$J:J,MATCH($M56,PNGs!B:B,0)) -> https://xmart-api-public.who.int/MNCAH/MCA_FACT_DATA?$filter=INDICATOR_FK%20in%20(%22AC_ANEMIAPW%22,%22AC_ANEMIAWRA%22,%22BC_LBW%22)&$select=INDICATOR_FK,YEAR_FK,COUNTRY_FK,COUNTRY_FK__CODE,ValueNumeric,ValueLow,ValueHigh,ValueStdDev,ValueStdErr,Comments,AGEGROUP_FK,Answer_FK,CauseGHE_FK,CauseGHEChild_FK,CauseENVCAUSE_FK,DatasourceLong,DatasourceShort,ImpSan_FK,ImpWater_FK,LivingArrangements_FK,MEASDEF_FK,MOTHEREDUCATION_FK,ProficiencyLevel_FK,ResideLTA_FK,RESIDENCEAREA_FK,SABDefinition_FK,SEVERITY_FK,SEVERITYHEARING_FK,SEVERITYVISION_FK,SEX_FK,WEALTHQUINTILE_FK | O56: WHO Global Health Observatory | P56: 2024-11
A57: 50 | B57: MIX-RISKFACTORS-WHOREGION-ANAEMIA-BARSCAT | E57: MNH Risk Factors | F57: Anaemia in pregnant women, by region | G57: Anaemia in pregnant women, by region | H57: N/A | I57: N/A | J57: N/A | L57: FALSE | M57: AnaemiaPW_region_Medians2015-2020.png | N57: =INDEX(PNGs!$J:J,MATCH($M57,PNGs!B:B,0)) -> 0 | O57: WHO Global Health Observatory | P57: 2024-11
A58: 51 | B58: MIX-MNHCOVERAGE-NA-TITLE-TEXT | C58: DONE | E58: MNH Coverage | F58: MNH Coverage | G58: Title slide | H58: N/A | I58: N/A | J58: N/A | L58: N/A | M58: N/A | N58: =INDEX(PNGs!$J:J,MATCH($M58,PNGs!B:B,0)) -> #N/A | O58: N/A | P58: N/A | Q58: N/A | R58: N/A
A59: 52 | B59: MIX-MNHCOVERAGE-GLOBAL-TRENDS_FPMM&ANC4&TETANUS&SYPH&IRON&SAB&EARLYFEED&PNC&DTP3&MCV2-BAR | E59: MNH Coverage | F59: Trends in coverage for maternal and newborn health | G59: bar graphs for 11 indicators | H59: N/A | I59: N/A | J59: N/A | M59: MNHcoverage_trend_median2015-2024.png | N59: =INDEX(PNGs!$J:J,MATCH($M59,PNGs!B:B,0)) -> https://xmart-api-public.who.int/MNCAH/MCA_FACT_DATA?$filter=INDICATOR_FK%20in%20(%22AC_A4V%22,%22MN_IRTSYR%22,%22WCAH_ANCSYP%22,%22BC_FPSMM%22,%22BC_BASHP%22,%22CANUT_EBF%22,%22CANUT_EIBF%22,%22MN_ARV_PMTCT%22,%22TECI_ORS%22,%22TECI_ORSZINC%22,%22TECI_PNEUHCP%22,%22PNC_MOM%22,%22PNC_NB%22,%22AC_PAB%22,%22WCAH_DTP3%22,%22WCAH_MCV2%22)&$select=INDICATOR_FK,YEAR_FK,COUNTRY_FK,COUNTRY_FK__CODE,ValueNumeric,ValueLow,ValueHigh,ValueStdDev,ValueStdErr,Comments,AGEGROUP_FK,Answer_FK,CauseGHE_FK,CauseGHEChild_FK,CauseENVCAUSE_FK,DatasourceLong,DatasourceShort,ImpSan_FK,ImpWater_FK,LivingArrangements_FK,MEASDEF_FK,MOTHEREDUCATION_FK,ProficiencyLevel_FK,ResideLTA_FK,RESIDENCEAREA_FK,SABDefinition_FK,SEVERITY_FK,SEVERITYHEARING_FK,SEVERITYVISION_FK,SEX_FK,WEALTHQUINTILE_FK | O59: Source: WHO, UNAIDS, UNICEF, UNPD, USAID Source: WHO Global Health Observatory_x000B_* Antenatal care coverage - at least four visits (%)_x000B_* Proportion of births attended by skilled health personnel (SDG 3.1.2)_x000B_* Proportion of women accessing antenatal care services who were tested for syphilis_x000B_ Source: UNAIDS_x000B_* Estimated pregnant women living with HIV who received antiretroviral medicine for preventing mother-to-child transmission (%)_x000B_ Source: UNICEF_x000B_* Care-seeking for children with symptoms of acute respiratory infection (%)_x000B_* Proportion of children under five years old with diarrhoea receiving oral rehydration salts_x000B_* Proportion of children under five years old with diarrhoea receiving oral rehydration salts and Zinc_x000B_* Proportion of infants 0–5 months of age who are fed exclusively with breast milk_x000B_* Proportion of mothers who had postnatal contact with a health provider within 2 days of delivery_x000B_* Proportion of newborns put to the breast within one hour of birth_x000B_* Proportion of newborns who had postnatal contact with a health provider within 2 days of delivery_x000B_ Source: UNPD World Population Prospects _x000B_* Proportion of women of reproductive age (aged 15-49 years) who have their need for family planning satisfied with modern methods (SDG 3.7.1)_x000B_ Source: USAID DHS Program STATcompiler * Proportion of women with a live birth who received iron tablets or syrup during antenatal care_x000B_ Source: WHO/UNICEF Estimates of National Immunization Coverage (WUENIC)_x000B_* Diphtheria tetanus toxoid and pertussis (DTP3) immunization coverage among 1-year-olds (%)_x000B_* Measles-containing-vaccine second-dose (MCV2) immunization coverage by the nationally recommended age (%)_x000B_* Neonates protected at birth against neonatal tetanus (%) | P59: 2024-05
A60: 53 | B60: MIX-MNHCOVERAGE-GLOBAL-RECENT_FPMM&ANC4&TETANUS&SYPH&IRON&SAB&EARLYFEED&PNC&DTP3&MCV2-BAR | E60: MNH Coverage | F60: Recent coverage for maternal and newborn health | G60: bar graphs for 11 indicators with scatter points | H60: N/A | I60: N/A | J60: N/A | M60: MNHcoverage_recent_median2020-2024.png | N60: =INDEX(PNGs!$J:J,MATCH($M60,PNGs!B:B,0)) -> https://xmart-api-public.who.int/MNCAH/MCA_FACT_DATA?$filter=INDICATOR_FK%20in%20(%22AC_A4V%22,%22MN_IRTSYR%22,%22WCAH_ANCSYP%22,%22BC_FPSMM%22,%22BC_BASHP%22,%22CANUT_EBF%22,%22CANUT_EIBF%22,%22MN_ARV_PMTCT%22,%22TECI_ORS%22,%22TECI_ORSZINC%22,%22TECI_PNEUHCP%22,%22PNC_MOM%22,%22PNC_NB%22,%22AC_PAB%22,%22WCAH_DTP3%22,%22WCAH_MCV2%22)&$select=INDICATOR_FK,YEAR_FK,COUNTRY_FK,COUNTRY_FK__CODE,ValueNumeric,ValueLow,ValueHigh,ValueStdDev,ValueStdErr,Comments,AGEGROUP_FK,Answer_FK,CauseGHE_FK,CauseGHEChild_FK,CauseENVCAUSE_FK,DatasourceLong,DatasourceShort,ImpSan_FK,ImpWater_FK,LivingArrangements_FK,MEASDEF_FK,MOTHEREDUCATION_FK,ProficiencyLevel_FK,ResideLTA_FK,RESIDENCEAREA_FK,SABDefinition_FK,SEVERITY_FK,SEVERITYHEARING_FK,SEVERITYVISION_FK,SEX_FK,WEALTHQUINTILE_FK | O60: Source: WHO, UNAIDS, UNICEF, UNPD, USAID Source: WHO Global Health Observatory_x000B_* Antenatal care coverage - at least four visits (%)_x000B_* Proportion of births attended by skilled health personnel (SDG 3.1.2)_x000B_* Proportion of women accessing antenatal care services who were tested for syphilis_x000B_ Source: UNAIDS_x000B_* Estimated pregnant women living with HIV who received antiretroviral medicine for preventing mother-to-child transmission (%)_x000B_ Source: UNICEF_x000B_* Care-seeking for children with symptoms of acute respiratory infection (%)_x000B_* Proportion of children under five years old with diarrhoea receiving oral rehydration salts_x000B_* Proportion of children under five years old with diarrhoea receiving oral rehydration salts and Zinc_x000B_* Proportion of infants 0–5 months of age who are fed exclusively with breast milk_x000B_* Proportion of mothers who had postnatal contact with a health provider within 2 days of delivery_x000B_* Proportion of newborns put to the breast within one hour of birth_x000B_* Proportion of newborns who had postnatal contact with a health provider within 2 days of delivery_x000B_ Source: UNPD World Population Prospects _x000B_* Proportion of women of reproductive age (aged 15-49 years) who have their need for family planning satisfied with modern methods (SDG 3.7.1)_x000B_ Source: USAID DHS Program STATcompiler * Proportion of women with a live birth who received iron tablets or syrup during antenatal care_x000B_ Source: WHO/UNICEF Estimates of National Immunization Coverage (WUENIC)_x000B_* Diphtheria tetanus toxoid and pertussis (DTP3) immunization coverage among 1-year-olds (%)_x000B_* Measles-containing-vaccine second-dose (MCV2) immunization coverage by the nationally recommended age (%)_x000B_* Neonates protected at birth against neonatal tetanus (%) | P60: 2024-05
A61: 54 | B61: MIX-MNHCOVERAGE-WHOREGION-RECENT_FPMM&ANC4&TETANUS&SYPH&IRON&SAB&EARLYFEED&PNC&DTP3&MCV2-BAR | E61: MNH Coverage | F61: Recent coverage for maternal and newborn health, by region | G61: bar graphs for 5 indicators with scatter points | H61: N/A | I61: N/A | J61: N/A | M61: MNHcoverage_region_recent_medians2020-24.png | N61: =INDEX(PNGs!$J:J,MATCH($M61,PNGs!B:B,0)) -> https://xmart-api-public.who.int/MNCAH/MCA_FACT_DATA?$filter=INDICATOR_FK%20in%20(%22AC_A4V%22,%22MN_IRTSYR%22,%22WCAH_ANCSYP%22,%22BC_FPSMM%22,%22BC_BASHP%22,%22CANUT_EBF%22,%22CANUT_EIBF%22,%22MN_ARV_PMTCT%22,%22TECI_ORS%22,%22TECI_ORSZINC%22,%22TECI_PNEUHCP%22,%22PNC_MOM%22,%22PNC_NB%22,%22AC_PAB%22,%22WCAH_DTP3%22,%22WCAH_MCV2%22)&$select=INDICATOR_FK,YEAR_FK,COUNTRY_FK,COUNTRY_FK__CODE,ValueNumeric,ValueLow,ValueHigh,ValueStdDev,ValueStdErr,Comments,AGEGROUP_FK,Answer_FK,CauseGHE_FK,CauseGHEChild_FK,CauseENVCAUSE_FK,DatasourceLong,DatasourceShort,ImpSan_FK,ImpWater_FK,LivingArrangements_FK,MEASDEF_FK,MOTHEREDUCATION_FK,ProficiencyLevel_FK,ResideLTA_FK,RESIDENCEAREA_FK,SABDefinition_FK,SEVERITY_FK,SEVERITYHEARING_FK,SEVERITYVISION_FK,SEX_FK,WEALTHQUINTILE_FK | O61: Source: WHO, UNAIDS, UNICEF, UNPD, USAID Source: WHO Global Health Observatory_x000B_* Antenatal care coverage - at least four visits (%)_x000B_* Proportion of births attended by skilled health personnel (SDG 3.1.2)_x000B_* Proportion of women accessing antenatal care services who were tested for syphilis_x000B_ Source: UNAIDS_x000B_* Estimated pregnant women living with HIV who received antiretroviral medicine for preventing mother-to-child transmission (%)_x000B_ Source: UNICEF_x000B_* Care-seeking for children with symptoms of acute respiratory infection (%)_x000B_* Proportion of children under five years old with diarrhoea receiving oral rehydration salts_x000B_* Proportion of children under five years old with diarrhoea receiving oral rehydration salts and Zinc_x000B_* Proportion of infants 0–5 months of age who are fed exclusively with breast milk_x000B_* Proportion of mothers who had postnatal contact with a health provider within 2 days of delivery_x000B_* Proportion of newborns put to the breast within one hour of birth_x000B_* Proportion of newborns who had postnatal contact with a health provider within 2 days of delivery_x000B_ Source: UNPD World Population Prospects _x000B_* Proportion of women of reproductive age (aged 15-49 years) who have their need for family planning satisfied with modern methods (SDG 3.7.1)_x000B_ Source: USAID DHS Program STATcompiler * Proportion of women with a live birth who received iron tablets or syrup during antenatal care_x000B_ Source: WHO/UNICEF Estimates of National Immunization Coverage (WUENIC)_x000B_* Diphtheria tetanus toxoid and pertussis (DTP3) immunization coverage among 1-year-olds (%)_x000B_* Measles-containing-vaccine second-dose (MCV2) immunization coverage by the nationally recommended age (%)_x000B_* Neonates protected at birth against neonatal tetanus (%) | P61: 2024-11
A62: 55 | B62: MIX-MNHCOVERAGE-COUNTRY_INEQUAL-SAB&WEALTH-ABACUS | E62: MNH Coverage | F62: Wealth-based inequities in skilled care at birth | G62: Most recent data for 101 countries 2010-2020 (DHS/MICS) - inequality calculated by difference between lowest coverage group and highest coverage group – split evenly into three groups (smallest, middle, largest). Y-axis order shown in order of lowest coverage group within each inequality tercile. Births attended by skilled health personnel (in the two or three years preceding the survey) (%) Percentage of live births attended during delivery by skilled health personnel. Skilled health personnel includes doctors, nurses, midwives and other medically trained personnel as defined according to each country. This is in line with the definition used by the Countdown to 2030 Collaboration, DHS, MICS and RHS. Numerator: Number of live births to women aged 15-49 years attended during delivery by skilled health personnel in the period prior to the survey. Denominator: Total number of live births to women aged 15-49 years occurring in the period prior to the survey. | H62: N/A | I62: N/A | J62: N/A | M62: inequalities_sba101_decile_gho.png | N62: =INDEX(PNGs!$J:J,MATCH($M62,PNGs!B:B,0)) -> https://ghoapi.azureedge.net/api/sba | O62: WHO Global Health Observatory – Health Equity Monitor Database | P62: 2023-06 | R62: checked source may 2024 – no updates since 2020
A63: 56 | B63: MIX-MNHCOVERAGE-COUNTRY_INEQUAL-SAB&EDUCATION-ABACUS | E63: MNH Coverage | F63: Education-based inequities in skilled care at birth | G63: Most recent data for 104 countries 2010-2020 (DHS/MICS) - inequalities calculated by difference between lowest coverage group and highest coverage group – split evenly into three groups (smallest, middle, largest). Y-axis order shown in order of lowest coverage group within each inequality tercile. Births attended by skilled health personnel (in the two or three years preceding the survey) (%) Percentage of live births attended during delivery by skilled health personnel. Skilled health personnel includes doctors, nurses, midwives and other medically trained personnel as defined according to each country. This is in line with the definition used by the Countdown to 2030 Collaboration, DHS, MICS and RHS. Numerator: Number of live births to women aged 15-49 years attended during delivery by skilled health personnel in the period prior to the survey. Denominator: Total number of live births to women aged 15-49 years occurring in the period prior to the survey. | H63: N/A | I63: N/A | J63: N/A | M63: inequalities_sba104_edu_gho.png | N63: =INDEX(PNGs!$J:J,MATCH($M63,PNGs!B:B,0)) -> https://ghoapi.azureedge.net/api/sba | O63: WHO Global Health Observatory – Health Equity Monitor Database | P63: 2023-06 | R63: checked source may 2024 – no updates since 2020
A64: 57 | B64: MIX-MNHCOVERAGE-COUNTRY_INEQUAL-SAB&RESIDE-ABACUS | E64: MNH Coverage | F64: Residence-based inequities in skilled care at birth | G64: Most recent data for 102 countries 2010-2020 (DHS/MICS) - inequality calculated by difference between lowest coverage group and highest coverage group – split evenly into three groups (smallest, middle, largest). Y-axis order shown in order of lowest coverage group within each inequality tercile. Births attended by skilled health personnel (in the two or three years preceding the survey) (%) Percentage of live births attended during delivery by skilled health personnel. Skilled health personnel includes doctors, nurses, midwives and other medically trained personnel as defined according to each country. This is in line with the definition used by the Countdown to 2030 Collaboration, DHS, MICS and RHS. Numerator: Number of live births to women aged 15-49 years attended during delivery by skilled health personnel in the period prior to the survey. Denominator: Total number of live births to women aged 15-49 years occurring in the period prior to the survey. | H64: N/A | I64: N/A | J64: N/A | M64: inequalities_sba102_resid_gho.png | N64: =INDEX(PNGs!$J:J,MATCH($M64,PNGs!B:B,0)) -> https://ghoapi.azureedge.net/api/sba | O64: WHO Global Health Observatory – Health Equity Monitor Database | P64: 2023-06 | R64: checked source may 2024 – no updates since 2020
A65: 58 | B65: MIX-MNHCOVERAGE-COUNTRY_INEQUAL-SAB&SUBNATIONAL-ABACUS | E65: MNH Coverage | F65: Subnational inequities in skilled care at birth | G65: Most recent data for 102 countries 2010-2020 (DHS/MICS) - inequality calculated by difference between lowest coverage group and highest coverage group – split evenly into three groups (smallest, middle, largest). Y-axis order shown in order of lowest coverage group within each inequality tercile. Births attended by skilled health personnel (in the two or three years preceding the survey) (%) Percentage of live births attended during delivery by skilled health personnel. Skilled health personnel includes doctors, nurses, midwives and other medically trained personnel as defined according to each country. This is in line with the definition used by the Countdown to 2030 Collaboration, DHS, MICS and RHS. Numerator: Number of live births to women aged 15-49 years attended during delivery by skilled health personnel in the period prior to the survey. Denominator: Total number of live births to women aged 15-49 years occurring in the period prior to the survey. | H65: N/A | I65: N/A | J65: N/A | M65: inequalities_sba102_subnatRegion_gho.png | N65: =INDEX(PNGs!$J:J,MATCH($M65,PNGs!B:B,0)) -> https://ghoapi.azureedge.net/api/sba | O65: WHO Global Health Observatory – Health Equity Monitor Database | P65: 2023-06 | R65: checked source may 2024 – no updates since 2020
A66: 59 | B66: MIX-MNHCOVERAGE-COUNTRY_INEQUAL-PNCMOM&WEALTH-ABACUS | E66: MNH Coverage | F66: Wealth-based inequities in maternal postnatal care | G66: Most recent data for 2010-2022 (DHS/MICS) - inequality calculated by difference between lowest coverage group and highest coverage group – split evenly into three groups (smallest, middle, largest). Y-axis order shown in order of lowest coverage group within each inequality tercile. Percentage of women age 15-49 years who received a health check within 2 days after delivery of their most recent live birth in the last 2 years. | H66: N/A | I66: N/A | J66: N/A | M66: inequalities_PNC_MOM_decile_xmart.png | N66: =INDEX(PNGs!$J:J,MATCH($M66,PNGs!B:B,0)) -> https://xmart-api-public.who.int/MNCAH/MCA_FACT_DATA?$filter=INDICATOR_FK%20in%20(%22AC_A4V%22,%22MN_IRTSYR%22,%22WCAH_ANCSYP%22,%22BC_FPSMM%22,%22BC_BASHP%22,%22CANUT_EBF%22,%22CANUT_EIBF%22,%22MN_ARV_PMTCT%22,%22TECI_ORS%22,%22TECI_ORSZINC%22,%22TECI_PNEUHCP%22,%22PNC_MOM%22,%22PNC_NB%22,%22AC_PAB%22,%22WCAH_DTP3%22,%22WCAH_MCV2%22)&$select=INDICATOR_FK,YEAR_FK,COUNTRY_FK,COUNTRY_FK__CODE,ValueNumeric,ValueLow,ValueHigh,ValueStdDev,ValueStdErr,Comments,AGEGROUP_FK,Answer_FK,CauseGHE_FK,CauseGHEChild_FK,CauseENVCAUSE_FK,DatasourceLong,DatasourceShort,ImpSan_FK,ImpWater_FK,LivingArrangements_FK,MEASDEF_FK,MOTHEREDUCATION_FK,ProficiencyLevel_FK,ResideLTA_FK,RESIDENCEAREA_FK,SABDefinition_FK,SEVERITY_FK,SEVERITYHEARING_FK,SEVERITYVISION_FK,SEX_FK,WEALTHQUINTILE_FK | O66: UNICEF | P66: 2024-05
A67: 60 | B67: MIX-MNHCOVERAGE-COUNTRY_INEQUAL-PNCMOM&EDUCATION-ABACUS | E67: MNH Coverage | F67: Wealth-based inequities in newborn postnatal care | G67: Most recent data for 2010-2022 (DHS/MICS) - inequality calculated by difference between lowest coverage group and highest coverage group – split evenly into three groups (smallest, middle, largest). Y-axis order shown in order of lowest coverage group within each inequality tercile. Percentage of newborns (last live births) in the previous 2 years who received a health check within 2 days after delivery. | H67: N/A | I67: N/A | J67: N/A | M67: inequalities_PNC_NB_decile_xmart.png | N67: =INDEX(PNGs!$J:J,MATCH($M67,PNGs!B:B,0)) -> https://xmart-api-public.who.int/MNCAH/MCA_FACT_DATA?$filter=INDICATOR_FK%20in%20(%22AC_A4V%22,%22MN_IRTSYR%22,%22WCAH_ANCSYP%22,%22BC_FPSMM%22,%22BC_BASHP%22,%22CANUT_EBF%22,%22CANUT_EIBF%22,%22MN_ARV_PMTCT%22,%22TECI_ORS%22,%22TECI_ORSZINC%22,%22TECI_PNEUHCP%22,%22PNC_MOM%22,%22PNC_NB%22,%22AC_PAB%22,%22WCAH_DTP3%22,%22WCAH_MCV2%22)&$select=INDICATOR_FK,YEAR_FK,COUNTRY_FK,COUNTRY_FK__CODE,ValueNumeric,ValueLow,ValueHigh,ValueStdDev,ValueStdErr,Comments,AGEGROUP_FK,Answer_FK,CauseGHE_FK,CauseGHEChild_FK,CauseENVCAUSE_FK,DatasourceLong,DatasourceShort,ImpSan_FK,ImpWater_FK,LivingArrangements_FK,MEASDEF_FK,MOTHEREDUCATION_FK,ProficiencyLevel_FK,ResideLTA_FK,RESIDENCEAREA_FK,SABDefinition_FK,SEVERITY_FK,SEVERITYHEARING_FK,SEVERITYVISION_FK,SEX_FK,WEALTHQUINTILE_FK | O67: UNICEF | P67: 2024-05
A68: 61 | B68: MIX-MNHCOVERAGE-COUNTRY_INEQUAL-PNCMOM&RESIDE-ABACUS | E68: MNH Coverage | F68: Residence-based inequities in maternal postnatal care | G68: Most recent data for 2010-2022 (DHS/MICS) - inequality calculated by difference between lowest coverage group and highest coverage group – split evenly into three groups (smallest, middle, largest). Y-axis order shown in order of lowest coverage group within each inequality tercile. Percentage of women age 15-49 years who received a health check within 2 days after delivery of their most recent live birth in the last 2 years. | H68: N/A | I68: N/A | J68: N/A | M68: inequalities_PNC_MOM_resid_xmart.png | N68: =INDEX(PNGs!$J:J,MATCH($M68,PNGs!B:B,0)) -> https://xmart-api-public.who.int/MNCAH/MCA_FACT_DATA?$filter=INDICATOR_FK%20in%20(%22AC_A4V%22,%22MN_IRTSYR%22,%22WCAH_ANCSYP%22,%22BC_FPSMM%22,%22BC_BASHP%22,%22CANUT_EBF%22,%22CANUT_EIBF%22,%22MN_ARV_PMTCT%22,%22TECI_ORS%22,%22TECI_ORSZINC%22,%22TECI_PNEUHCP%22,%22PNC_MOM%22,%22PNC_NB%22,%22AC_PAB%22,%22WCAH_DTP3%22,%22WCAH_MCV2%22)&$select=INDICATOR_FK,YEAR_FK,COUNTRY_FK,COUNTRY_FK__CODE,ValueNumeric,ValueLow,ValueHigh,ValueStdDev,ValueStdErr,Comments,AGEGROUP_FK,Answer_FK,CauseGHE_FK,CauseGHEChild_FK,CauseENVCAUSE_FK,DatasourceLong,DatasourceShort,ImpSan_FK,ImpWater_FK,LivingArrangements_FK,MEASDEF_FK,MOTHEREDUCATION_FK,ProficiencyLevel_FK,ResideLTA_FK,RESIDENCEAREA_FK,SABDefinition_FK,SEVERITY_FK,SEVERITYHEARING_FK,SEVERITYVISION_FK,SEX_FK,WEALTHQUINTILE_FK | O68: UNICEF | P68: 2024-05
A69: 62 | B69: MIX-MNHCOVERAGE-COUNTRY_INEQUAL-PNCMOM&RESIDE-ABACUS | E69: MNH Coverage | F69: Residence-based inequities in newborn postnatal care | G69: Most recent data for 2010-2022 (DHS/MICS) - inequality calculated by difference between lowest coverage group and highest coverage group – split evenly into three groups (smallest, middle, largest). Y-axis order shown in order of lowest coverage group within each inequality tercile. Percentage of newborns (last live births) in the previous 2 years who received a health check within 2 days after delivery. | H69: N/A | I69: N/A | J69: N/A | M69: inequalities_PNC_NB_resid_xmart.png | N69: =INDEX(PNGs!$J:J,MATCH($M69,PNGs!B:B,0)) -> https://xmart-api-public.who.int/MNCAH/MCA_FACT_DATA?$filter=INDICATOR_FK%20in%20(%22AC_A4V%22,%22MN_IRTSYR%22,%22WCAH_ANCSYP%22,%22BC_FPSMM%22,%22BC_BASHP%22,%22CANUT_EBF%22,%22CANUT_EIBF%22,%22MN_ARV_PMTCT%22,%22TECI_ORS%22,%22TECI_ORSZINC%22,%22TECI_PNEUHCP%22,%22PNC_MOM%22,%22PNC_NB%22,%22AC_PAB%22,%22WCAH_DTP3%22,%22WCAH_MCV2%22)&$select=INDICATOR_FK,YEAR_FK,COUNTRY_FK,COUNTRY_FK__CODE,ValueNumeric,ValueLow,ValueHigh,ValueStdDev,ValueStdErr,Comments,AGEGROUP_FK,Answer_FK,CauseGHE_FK,CauseGHEChild_FK,CauseENVCAUSE_FK,DatasourceLong,DatasourceShort,ImpSan_FK,ImpWater_FK,LivingArrangements_FK,MEASDEF_FK,MOTHEREDUCATION_FK,ProficiencyLevel_FK,ResideLTA_FK,RESIDENCEAREA_FK,SABDefinition_FK,SEVERITY_FK,SEVERITYHEARING_FK,SEVERITYVISION_FK,SEX_FK,WEALTHQUINTILE_FK | O69: UNICEF | P69: 2024-05
A70: 63 | B70: CHI-MORTALITY-NA-TITLE-TEXT | C70: DONE | E70: Child mortality | F70: Child mortality | G70: Title slide | H70: N/A | I70: N/A | J70: N/A | L70: N/A | M70: N/A | N70: =INDEX(PNGs!$J:J,MATCH($M70,PNGs!B:B,0)) -> #N/A | O70: N/A | P70: N/A | Q70: N/A | R70: N/A
A71: 64 | B71: CHI-MORTALITY-GLOBAL-RATE_U5-MAP | E71: Child mortality | F71: Under-five mortality | G71: Map | H71: N/A | I71: N/A | J71: FALSE | L71: FALSE | M71: Other | N71: =INDEX(PNGs!$J:J,MATCH($M71,PNGs!B:B,0)) -> 0 | O71: United Nations Inter-agency Group for Child Mortality Estimation (UN IGME), Levels & Trends in Child Mortality: Report 2023, Estimates developed by the United Nations Inter-agency Group for Child Mortality Estimation, United Nations Children’s Fund, New York, 2024 | P71: 2024-04? | R71: 2025-04
A72: 65 | B72: CHI-MORTALITY-GLOBAL-RATE_1_59MONTHS-MAP | E72: Child mortality | F72: 1-59 month mortality | G72: Map | H72: N/A | I72: N/A | J72: FALSE | L72: FALSE | M72: Other | N72: =INDEX(PNGs!$J:J,MATCH($M72,PNGs!B:B,0)) -> 0 | O72: United Nations Inter-agency Group for Child Mortality Estimation (UN IGME), Levels & Trends in Child Mortality: Report 2023, Estimates developed by the United Nations Inter-agency Group for Child Mortality Estimation, United Nations Children’s Fund, New York, 2024 | P72: 2024-04? | R72: 2025-04
A73: 66 | B73: CHI-MORTALITY-GLOBAL-RATE&DEATHS_0_24YEARS-BAR&VERTSTACK | E73: Child mortality | F73: Global mortality rates & number of deaths by age, 2022 | G73: Mortality rates + Number of deaths by age (global) vertical bar | H73: N/A | I73: N/A | J73: N/A | L73: FALSE | M73: Other | N73: =INDEX(PNGs!$J:J,MATCH($M73,PNGs!B:B,0)) -> 0 | O73: United Nations Inter-agency Group for Child Mortality Estimation (UN IGME), Levels & Trends in Child Mortality: Report 2023, Estimates developed by the United Nations Inter-agency Group for Child Mortality Estimation, United Nations Children’s Fund, New York, 2024 | P73: 2024-04? | R73: 2025-04
A74: 67 | B74: CHI-MORTALITY-GLOBAL-RATE_0_24YEARS-BAR | E74: Child mortality | F74: Global mortality rates by age, 2021 | G74: Mortality rates by age (global) vertical bar | H74: N/A | I74: N/A | J74: N/A | L74: FALSE | M74: Other | N74: =INDEX(PNGs!$J:J,MATCH($M74,PNGs!B:B,0)) -> 0 | O74: United Nations Inter-agency Group for Child Mortality Estimation (UN IGME), Levels & Trends in Child Mortality: Report 2023, Estimates developed by the United Nations Inter-agency Group for Child Mortality Estimation, United Nations Children’s Fund, New York, 2024 | P74: 2024-04? | R74: 2025-04
A75: 68 | B75: CHI-MORTALITY-GLOBAL-DEATHS_0_24YEARS-VERTSTACK | E75: Child mortality | F75: Global deaths by age, 2021 | G75: Mortality rates by age (global) vertical bars | H75: N/A | I75: N/A | J75: N/A | L75: FALSE | M75: Other | N75: =INDEX(PNGs!$J:J,MATCH($M75,PNGs!B:B,0)) -> 0 | O75: United Nations Inter-agency Group for Child Mortality Estimation (UN IGME), Levels & Trends in Child Mortality: Report 2023, Estimates developed by the United Nations Inter-agency Group for Child Mortality Estimation, United Nations Children’s Fund, New York, 2024 | P75: 2024-04? | R75: 2025-04
A76: 69 | B76: CHI-MORTALITY-GLOBAL-RATE&DEATHS_NEO&INF&CHILD&U5-BAR&VERTSTACK | E76: Child mortality | F76: Global mortality rates & number of deaths by age, 2022 | G76: Mortality rates + Number of deaths by age (global) vertical bar | H76: Dodged | I76: N/A | J76: N/A | M76: deathsper1000_igme2023est_0to5.png | N76: =INDEX(PNGs!$J:J,MATCH($M76,PNGs!B:B,0)) -> fig 1 from 2023 unigme report (pg 12) | O76: United Nations Inter-agency Group for Child Mortality Estimation (UN IGME), Levels & Trends in Child Mortality: Report 2023, Estimates developed by the United Nations Inter-agency Group for Child Mortality Estimation, United Nations Children’s Fund, New York, 2024 | P76: 2024-04 | R76: 2025-04 | S76: Manually taken from IGME figure, so not impacted by MCA error. deathsper1000_igme2023est_0to5.png is used in two slides, but it is ok.
A77: 69 | B77: CHI-MORTALITY-GLOBAL-RATE&DEATHS_NEO&INF&CHILD&U5-BAR&VERTSTACK | E77: Child mortality | F77: Global mortality rates & number of deaths by age, 2022 | G77: Mortality rates + Number of deaths by age (global) vertical bar | H77: Dodged | I77: N/A | J77: N/A | M77: percentagedeaths_igme2023est_0to5.png | N77: =INDEX(PNGs!$J:J,MATCH($M77,PNGs!B:B,0)) -> fig 1 from 2023 unigme report (pg 12) | O77: United Nations Inter-agency Group for Child Mortality Estimation (UN IGME), Levels & Trends in Child Mortality: Report 2023, Estimates developed by the United Nations Inter-agency Group for Child Mortality Estimation, United Nations Children’s Fund, New York, 2024 | P77: 2024-04 | R77: 2025-04 | S77: Manually taken from IGME figure, so not impacted by MCA error. percentagedeaths_igme2023est_0to5.png is used in two slides but it is ok.
A78: 70 | B78: CHI-MORTALITY-GLOBAL-COD_NEO&U5-PIE | E78: Child mortality | F78: Global per cent (%) of total deaths for children under-5 years divided by neonatal (first 28 days) and post-neonatal (1 to 59 months) | G78: Pie | H78: N/A | I78: N/A | J78: N/A | L78: FALSE | M78: Other | N78: strongk@who.int | O78: WHO Maternal and Child Epidemiology Estimates Group (MCEE) 2019 | P78: ? | R78: 2023-09
A79: 71 | B79: CHI-MORTALITY-GLOBAL&WHOREGION_AFRO-COD_NEO-PIE | E79: Child mortality | F79: Compared to the global estimates, Africa has a higher proportion of postneonatal under 5 deaths in 2019-leading causes remain the same | G79: Pies | H79: N/A | I79: N/A | J79: N/A | L79: FALSE | M79: Other | N79: strongk@who.int | O79: WHO Maternal and Child Epidemiology Estimates Group (MCEE) 2019 | P79: ? | R79: 2023-09
A80: 72 | B80: CHI-MORTALITY-GLOBAL&WHOREGION_AFRO-COD_NEO&POSTNEO-PIE | E80: Child mortality | F80: WHO African region per cent (%) of total deaths for children under-5 years divided by neonatal (first 27 days) and postneonatal (1 to 59 months) | G80: Pie | H80: N/A | I80: N/A | J80: N/A | L80: FALSE | M80: Other | N80: strongk@who.int | O80: WHO Maternal and Child Epidemiology Estimates Group (MCEE) 2019 | P80: ? | R80: 2023-09
A81: 73 | B81: CHI-MORTALITY-GLOBAL&WHOREGION_PAHO-COD_NEO&POSTNEO-PIE | E81: Child mortality | F81: WHO Americas region per cent (%) of total deaths for children under-5 years divided by neonatal (first 27 days) and postneonatal (1 to 59 months) | G81: Pie | H81: N/A | I81: N/A | J81: N/A | L81: FALSE | M81: Other | N81: strongk@who.int | O81: WHO Maternal and Child Epidemiology Estimates Group (MCEE) 2019 | P81: ? | R81: 2023-09
A82: 74 | B82: CHI-MORTALITY-GLOBAL&WHOREGION_SEARO-COD_NEO&POSTNEO-PIE | E82: Child mortality | F82: WHO South-East Asian region per cent (%) of total deaths for children under-5 years divided by neonatal (first 27 days) and postneonatal (1 to 59 months) | G82: Pie | H82: N/A | I82: N/A | J82: N/A | L82: FALSE | M82: Other | N82: strongk@who.int | O82: WHO Maternal and Child Epidemiology Estimates Group (MCEE) 2019 | P82: ? | R82: 2023-09
A83: 75 | B83: CHI-MORTALITY-GLOBAL&WHOREGION_EURO-COD_NEO&POSTNEO-PIE | E83: Child mortality | F83: WHO European region per cent (%) of total deaths for children under-5 years divided by neonatal (first 27 days) and postneonatal (1 to 59 months) | G83: Pie | H83: N/A | I83: N/A | J83: N/A | L83: FALSE | M83: Other | N83: strongk@who.int | O83: WHO Maternal and Child Epidemiology Estimates Group (MCEE) 2019 | P83: ? | R83: 2023-09
A84: 76 | B84: CHI-MORTALITY-GLOBAL&WHOREGION_EMRO-COD_NEO&POSTNEO-PIE | E84: Child mortality | F84: WHO Eastern Mediterranean region per cent (%) of total deaths for children under-5 years divided by neonatal (first 27 days) and postneonatal (1 to 59 months) | G84: Pie | H84: N/A | I84: N/A | J84: N/A | L84: FALSE | M84: Other | N84: strongk@who.int | O84: WHO Maternal and Child Epidemiology Estimates Group (MCEE) 2019 | P84: ? | R84: 2023-09
A85: 77 | B85: CHI-MORTALITY-GLOBAL&WHOREGION_WPRO-COD_NEO&POSTNEO-PIE | E85: Child mortality | F85: WHO Western Pacific region per cent (%) of total deaths for children under-5 years divided by neonatal (first 27 days) and postneonatal (1 to 59 months) | G85: Pie | H85: N/A | I85: N/A | J85: N/A | L85: FALSE | M85: Other | N85: strongk@who.int | O85: WHO Maternal and Child Epidemiology Estimates Group (MCEE) 2019 | P85: ? | R85: 2023-09
A86: 78 | B86: CHI-MORTALITY-COUNTRY-RATE_COD_U5-VERTSTACK | E86: Child mortality | F86: Infectious diseases of childhood remain the leading cause of death in the 54 countries needing to accelerate efforts towards meeting SDG survival targets for children under-5 | G86: X-axis ordered by mortality rate in the 1 to 59 month age group. | H86: N/A | I86: N/A | J86: N/A | L86: FALSE | M86: Other | N86: strongk@who.int | O86: WHO Maternal and Child Epidemiology Estimates Group (MCEE) 2019 | P86: 2022-02 | R86: 2023-09
A87: 79 | B87: CHI-MORTALITY-COUNTRY-DEATHS_COD_U5-VERTSTACK | E87: Child mortality | F87: Infectious diseases of childhood remain the leading cause of death in the 54 countries needing to accelerate efforts towards meeting SDG survival targets for children under-5 | G87: X-axis ordered by descending number of deaths in the 1 to 59 month age group. | H87: N/A | I87: N/A | J87: N/A | L87: FALSE | M87: Other | N87: strongk@who.int | O87: WHO Maternal and Child Epidemiology Estimates Group (MCEE) 2019 | P87: 2022-02 | R87: 2023-09
A88: 80 | B88: CHI-MORTALITY-SDGREGION-DEATHS_U5-VERTSTACK | E88: Child mortality | F88: Distribution of under-5 deaths by region, 1990-2021 | H88: FALSE | I88: N/A | J88: N/A | L88: FALSE | M88: Other | N88: N/A | O88: UNIGME 2023 | P88: ? | R88: ?
A89: 81 | B89: CHI-MORTALITY-SDGREGION-RATE_U5MR-BAR | E89: Child mortality | F89: 59 countries are still off-track towards meeting the SDG target for under-5 mortality by 2030 | H89: N/A | I89: N/A | J89: N/A | L89: FALSE | M89: Other | N89: N/A | O89: United Nations Inter-agency Group for Child Mortality Estimation (UN IGME), Levels & Trends in Child Mortality: Report 2023, Estimates developed by the United Nations Inter-agency Group for Child Mortality Estimation, United Nations Children’s Fund, New York, 2024 | P89: 2024-04? | R89: 2025-04
A90: 82 | B90: CHI-MORTALITY-WBINCOME-RATEDECLINE_U5MR-BUBBLE | E90: Child mortality | F90: Decline in under-five mortality by income group | H90: N/A | I90: N/A | J90: N/A | L90: FALSE | M90: Other | N90: N/A | O90: United Nations Inter-agency Group for Child Mortality Estimation (UN IGME), Levels & Trends in Child Mortality: Report 2023, Estimates developed by the United Nations Inter-agency Group for Child Mortality Estimation, United Nations Children’s Fund, New York, 2024 | P90: 2024-04? | R90: 2025-04
A91: 83 | B91: CHI-MORTALITY-NA-RESOLUTION_77_11-TEXT | E91: Child mortality | F91: Resolution 77/11 | H91: N/A | I91: N/A | J91: N/A | L91: FALSE | M91: Other | N91: strongk@who.int | O91: N/A | P91: 2024-05 | R91: N/A
A92: 84 | B92: CHI-MORTALITY-NA-SDG_TARGETS-TEXT | E92: Child mortality | F92: Sustainable Development Goal Targets for maternal, newborn and child survival | H92: N/A | I92: N/A | J92: N/A | L92: FALSE | M92: Other | N92: strongk@who.int | O92: N/A | P92: 2024-05
A93: 85 | B93: CHI-MORTALITY-GLOBAL-MMR-MAP | E93: Child mortality | F93: Maternal mortality ratio (MMR) estimates by country in 2020 | G93: Map | H93: N/A | I93: N/A | J93: FALSE | L93: FALSE | M93: Other | N93: strongk@who.int | O93: Trends in maternal mortality 2000 to 2020: estimates by WHO, UNICEF, UNFPA, World Bank Group and UNDESA/Population Division | P93: 2024-05
A94: 86 | B94: CHI-MORTALITY-GLOBAL-NMR-MAP | E94: Child mortality | F94: Newborn mortality rate (NMR) estimates by country in 2022 | G94: Map | H94: N/A | I94: N/A | J94: FALSE | L94: FALSE | M94: Other | N94: N/A | O94: United Nations Inter-agency Group for Child Mortality Estimation (UN IGME), Levels & Trends in Child Mortality: Report 2023, Estimates developed by the United Nations Inter-agency Group for Child Mortality Estimation, United Nations Children’s Fund, New York, 2024 | P94: 2024-05
A95: 87 | B95: CHI-MORTALITY-GLOBAL-U5MR-MAP | E95: Child mortality | F95: Child under-5 mortality rate (U5MR) estimates by country in 2022 | G95: Map | H95: N/A | I95: N/A | J95: FALSE | L95: FALSE | M95: Other | N95: N/A | O95: United Nations Inter-agency Group for Child Mortality Estimation (UN IGME), Levels & Trends in Child Mortality: Report 2023, Estimates developed by the United Nations Inter-agency Group for Child Mortality Estimation, United Nations Children’s Fund, New York, 2024 | P95: 2024-05
A96: 88 | B96: CHI-MORTALITY-GLOBAL-RATE_MMR&STILL&NMR&U5MR-BAR | E96: Child mortality | F96: Changes in the annual average rate of mortality reduction over the periods 2000-2009 and 2010-2020 compared with the % reduction needed to achieve SDG and related targets by 2030 for Mothers, stillbirths, neonates and the postneonatal under-5 (1 to 59 months) population. | H96: N/A | I96: N/A | J96: N/A | L96: FALSE | M96: Other | N96: strongk@who.int | O96: UN IGME report 2023 and Maternal Mortality Estimation Group (MMEIG) | P96: 2024-05
A97: 89 | B97: CHI-COVERAGE-NA-TITLE-TEXT | C97: DONE | E97: Child coverage | F97: Child coverage | G97: Title slide | H97: N/A | I97: N/A | J97: N/A | L97: N/A | M97: N/A | N97: =INDEX(PNGs!$J:J,MATCH($M97,PNGs!B:B,0)) -> #N/A | O97: N/A | P97: N/A | Q97: N/A | R97: N/A
A98: 90 | B98: CHI-COVERAGE-WHOREGION-ORS&PNEUMONIACARE-BARSCATTER | E98: Child coverage | F98: Coverage of treatment for childhood illness | G98: Regions shown in alphabetical order. Bars represent the regional medians and the dots represent country estimates . ORS - Percentage of children aged 0–59 months who had diarrhoea in the two weeks prior to the survey and received oral rehydration salts. Numerator: Number of children aged 0–59 months with diarrhoea in the two weeks prior to the survey receiving oral rehydration salts. Denominator: Total number of children aged 0–59 months with diarrhoea in the two weeks prior to the survey. Pneumonia - Percentage of children aged 0–59 months with pneumonia symptoms in the two weeks prior to the survey who were taken to a health facility or provider. Numerator: Number of children aged 0–59 months with pneumonia symptoms in the two weeks prior to the survey who were taken to an appropriate health provider. Denominator: Total number of children aged 0–59 months with pneumonia symptoms in the two weeks prior to the survey. | H98: N/A | I98: N/A | J98: N/A | M98: child_coverage_medians2010-22.png | N98: =INDEX(PNGs!$J:J,MATCH($M98,PNGs!B:B,0)) -> https://xmart-api-public.who.int/MNCAH/MCA_FACT_DATA?$filter=INDICATOR_FK%20in%20(%22TECI_ORS%22,%22TECI_ORSZINC%22,%22TECI_PNEUHCP%22)&$select=INDICATOR_FK,YEAR_FK,COUNTRY_FK,COUNTRY_FK__CODE,ValueString,ValueNumeric,ValueLow,ValueHigh,ValueStdDev,ValueStdErr,Comments,EffectiveDate,EndDate,Status,AGEGROUP_FK,AGEGROUP_FK__CODE,Answer_FK,CauseGHE_FK,CauseGHE_FK__CODE,CauseGHEChild_FK,CauseGHEChild_FK__CODE,CauseENVCAUSE_FK,CauseENVCAUSE_FK__CODE,DatasourceLong,DatasourceShort,ImpSan_FK,ImpWater_FK,LivingArrangements_FK,MEASDEF_FK,MOTHEREDUCATION_FK,ProficiencyLevel_FK,ResideLTA_FK,RESIDENCEAREA_FK,SABDefinition_FK,SEVERITY_FK,SEVERITYHEARING_FK,SEVERITYVISION_FK,SEX_FK,WEALTHQUINTILE_FK | O98: UNICEF child health coverage database | P98: 2024-05
A99: 91 | B99: CHI-COVERAGE-COUNTRY_INEQUAL-ORS&WEALTH-ABACUS | E99: Child coverage | F99: Wealth-based inequities in child treatment for diarrhoea (ORS) | G99: Most recent data for 85 countries 2010-2019 (DHS/MICS) - inequality calculated by difference between lowest coverage group and highest coverage group – split evenly into three groups (smallest, middle, largest). Y-axis order shown in order of lowest coverage group within each inequality tercile. Percentage of children aged 0–59 months who had diarrhoea in the two weeks prior to the survey and received oral rehydration salts. Numerator: Number of children aged 0–59 months with diarrhoea in the two weeks prior to the survey receiving oral rehydration salts. Denominator: Total number of children aged 0–59 months with diarrhoea in the two weeks prior to the survey. | H99: N/A | I99: N/A | J99: N/A | M99: inequalities_ors85_decile_gho.png | N99: =INDEX(PNGs!$J:J,MATCH($M99,PNGs!B:B,0)) -> https://ghoapi.azureedge.net/api/ors | O99: WHO Global Health Observatory – Health Equity Monitor Database | P99: 2022-01 | S99: Jan 2022 (pevenk@who.int) – portal checked May 2024, no data past 2020 included
A100: 92 | B100: CHI-COVERAGE-COUNTRY_INEQUAL-ORS&EDUCATION-ABACUS | E100: Child coverage | F100: Education-based inequities in child treatment for diarrhoea (ORS) | G100: Most recent data for 2010-2019 (DHS/MICS) - inequality calculated by difference between lowest coverage group and highest coverage group – split evenly into three groups (smallest, middle, largest). Y-axis order shown in order of lowest coverage group within each inequality tercile. Percentage of children aged 0–59 months who had diarrhoea in the two weeks prior to the survey and received oral rehydration salts. Numerator: Number of children aged 0–59 months with diarrhoea in the two weeks prior to the survey receiving oral rehydration salts. Denominator: Total number of children aged 0–59 months with diarrhoea in the two weeks prior to the survey. | H100: N/A | I100: N/A | J100: N/A | M100: inequalities_ors98_edu_gho.png | N100: =INDEX(PNGs!$J:J,MATCH($M100,PNGs!B:B,0)) -> https://ghoapi.azureedge.net/api/ors | O100: WHO Global Health Observatory – Health Equity Monitor Database | P100: 2022-01 | S100: Jan 2022 (pevenk@who.int) – portal checked May 2024, no data past 2020 included
...

Sheet Data sources
A1: Status | B1: code "order" | C1: Data Source (file name, api call, citation, etc.) | D1: Data file location | E1: Present in location? | F1: Present in R code? | G1: R code file | H1: R code chunk(s) | I1: Used in slides? (manually entered) | J1: Used in PNGs? | K1: Source detail | L1: Source Source | M1: Source Citation | N1: Comment
A2: Good | B2: 29.1 | C2: adol-cod-income.xlsx | D2: data/ | E2: TRUE | F2: TRUE | G2: slideset.Rmd | H2: updated-adol-mort | J2: =IF(OR(IF(ISERROR(VLOOKUP($C2,PNGs!J:J,1,FALSE)),FALSE,TRUE),IF(ISERROR(VLOOKUP($C2,PNGs!K:K,1,FALSE)),FALSE,TRUE),IF(ISERROR(VLOOKUP($C2,PNGs!L:L,1,FALSE)),FALSE,TRUE)), TRUE,FALSE) -> TRUE | K2: AD_MORT_TOP20 | L2: MCA | N2: Don't appear in slides: causedeaths_males-10-19_income2021r.png causedeaths_females-10-19_income2021r.png Appear in slides: Cause_specific_2010.2021_10.14ym_top5_income.png Cause_specific_2010.2021_15.19ym_top5_income.png Cause_specific_2010.2021_10.14yf_top5_income.png Cause_specific_2010.2021_15.19yf_top5_income.png
A3: Good | B3: 29.2 | C3: adol-cod-region.xlsx | D3: data/ | E3: TRUE | F3: TRUE | G3: slideset.Rmd | H3: updated-adol-mort | I3: TRUE | J3: =IF(OR(IF(ISERROR(VLOOKUP($C3,PNGs!J:J,1,FALSE)),FALSE,TRUE),IF(ISERROR(VLOOKUP($C3,PNGs!K:K,1,FALSE)),FALSE,TRUE),IF(ISERROR(VLOOKUP($C3,PNGs!L:L,1,FALSE)),FALSE,TRUE)), TRUE,FALSE) -> TRUE | K3: AD_MORT_TOP20 | L3: MCA | N3: Don't appear in slides: Cause_specific_2010.2021_10.14yf_top5_regional.png Cause_specific_2010.2021_15.19yf_top5_regional.png Appear in slides: causedeaths_males-10-19_regional2021.png causedeaths_females-10-19_regional2021.png Cause_specific_2010.2021_10.14ym_top5_regional.png Cause_specific_2010.2021_15.19ym_top5_regional.png causeSpec-rates-10-19_global2021.png Cause_specific_2007.2021_10.14ym_top5.png Cause_specific_2007.2021_15.19ym_top5.png Cause_specific_2007.2021_10.14yf_top5.png Cause_specific_2007.2021_15.19yf_top5.png
A4: Good | B4: 29.5 | C4: adol-mort-income.xlsx | D4: data/ | E4: TRUE | F4: TRUE | G4: slideset.Rmd | H4: updated-adol-mort | I4: TRUE | J4: =IF(OR(IF(ISERROR(VLOOKUP($C4,PNGs!J:J,1,FALSE)),FALSE,TRUE),IF(ISERROR(VLOOKUP($C4,PNGs!K:K,1,FALSE)),FALSE,TRUE),IF(ISERROR(VLOOKUP($C4,PNGs!L:L,1,FALSE)),FALSE,TRUE)), TRUE,FALSE) -> TRUE | K4: AD_MORT_ALL | L4: MCA | N4: Appears in slides: mortrate_trends_income21.png
A5: Good | B5: 29.6 | C5: adol-mort-region.xlsx | D5: data/ | E5: TRUE | F5: TRUE | G5: slideset.Rmd | H5: updated-adol-mort | I5: TRUE | J5: =IF(OR(IF(ISERROR(VLOOKUP($C5,PNGs!J:J,1,FALSE)),FALSE,TRUE),IF(ISERROR(VLOOKUP($C5,PNGs!K:K,1,FALSE)),FALSE,TRUE),IF(ISERROR(VLOOKUP($C5,PNGs!L:L,1,FALSE)),FALSE,TRUE)), TRUE,FALSE) -> TRUE | K5: AD_MORT_ALL | L5: MCA | N5: Doesn't appear in slides: mortRates_10-19_2021_global.png Appears in slides: mortrate_trends_regional_2024.png
A6: Issue | B6: 0.99 | C6: unigme_2021_mortrates.csv | D6: ArcGIS/ | E6: TRUE | F6: TRUE | G6: slideset.Rmd | H6: newborn-mort-2021 | I6: TRUE? | J6: TRUE? | K6: UNIGME-2021-Country-Rates-Deaths-Under-five_reshape.csv | L6: UNIGME
A7: Good | B7: 28.99 | C7: fig 1 from 2023 unigme report (pg 12) | D7: data/ | E7: TRUE | F7: TRUE | G7: slideset.Rmd | H7: unigme_childmort21 | I7: TRUE | J7: =IF(OR(IF(ISERROR(VLOOKUP($C7,PNGs!J:J,1,FALSE)),FALSE,TRUE),IF(ISERROR(VLOOKUP($C7,PNGs!K:K,1,FALSE)),FALSE,TRUE),IF(ISERROR(VLOOKUP($C7,PNGs!L:L,1,FALSE)),FALSE,TRUE)), TRUE,FALSE) -> TRUE | K7: United Nations Inter-agency Group for Child Mortality Estimation (UN IGME), Levels & Trends in Child Mortality: Report 2023, Estimates developed by the United Nations Inter-agency Group for Child Mortality Estimation, United Nations Children’s Fund, New York, 2024 | L7: UNIGME | N7: Don't have the report file. But it is this: https://childmortality.org/wp-content/uploads/2024/03/UNIGME-2023-Child-Mortality-Report.pdf Added it to github Manually drawn from UNIGME report and generates PNGs: deathsper1000_igme2023est_0to5.png percentagedeaths_igme2023est_0to5.png
A8: Good | B8: 4 | C8: Stillbirth-rate-and-deaths_2023.xlsx | D8: data/external | E8: TRUE | F8: TRUE | G8: slideset.Rmd | H8: stillbirth_nmr | I8: TRUE | J8: =IF(OR(IF(ISERROR(VLOOKUP($C8,PNGs!J:J,1,FALSE)),FALSE,TRUE),IF(ISERROR(VLOOKUP($C8,PNGs!K:K,1,FALSE)),FALSE,TRUE),IF(ISERROR(VLOOKUP($C8,PNGs!L:L,1,FALSE)),FALSE,TRUE)), TRUE,FALSE) -> TRUE | K8: https://data.unicef.org/wp-content/uploads/2020/10/Stillbirth-rate-and-deaths_2023.xlsx | L8: UNICEF
A9: Issue | B9: 17.99 | C9: mpdsr_arcgis.csv | D9: ArcGIS/ | E9: TRUE | F9: TRUE | G9: slideset.Rmd | H9: mpdsr | I9: TRUE? | J9: TRUE? | K9: PolicySurvey_All.labels.xlsx | L9: SRMNCAH Policy Survey
A10: Good | B10: 1 | C10: https://xmart-api-public.who.int/REFMART/REF_COUNTRY | D10: NA | E10: NA | F10: TRUE | G10: slideset.Rmd | H10: setup | I10: NA | J10: TRUE | K10: https://xmart-api-public.who.int/REFMART/REF_COUNTRY | L10: https://xmart-api-public.who.int/REFMART/REF_COUNTRY
A11: Good | B11: 6 | C11: UNIGME2023.GHO.2024-04-29.KIM.csv | D11: data/ | E11: TRUE | F11: TRUE | G11: slideset.Rmd | H11: newborn-mort-igme21-regional | I11: TRUE | J11: =IF(OR(IF(ISERROR(VLOOKUP($C11,PNGs!J:J,1,FALSE)),FALSE,TRUE),IF(ISERROR(VLOOKUP($C11,PNGs!K:K,1,FALSE)),FALSE,TRUE),IF(ISERROR(VLOOKUP($C11,PNGs!L:L,1,FALSE)),FALSE,TRUE)), TRUE,FALSE) -> TRUE | K11: Gerard | L11: GHO/MCA | N11: Matches what is currently in MCA_FACT_DATA_AGGREGATED. (because taken from what I prepared for GHO and not from GHO originally so didn't get the errors that came when GHO went to MCA.)
A12: Issue | B12: 25.89 | C12: AGE_OVER60PCT.csv | D12: ArcGIS/ | E12: TRUE | F12: TRUE | G12: slideset.Rmd | H12: aging | I12: TRUE? | J12: TRUE? | K12: WPP2024_GEN_F01_DEMOGRAPHIC_INDICATORS_COMPACT.xlsx
A13: Issue | B13: 25.899 | C13: AGE_OVER60PCT20302050.csv | D13: ArcGIS/ | E13: TRUE | F13: TRUE | G13: slideset.Rmd | H13: aging | I13: TRUE? | J13: TRUE? | K13: WPP2024_GEN_F01_DEMOGRAPHIC_INDICATORS_COMPACT.xlsx
A14: Good | B14: 2 | C14: UNIGME-2023-SDGRegion-Rates-Deaths-Under-five.xlsx | D14: data/external | E14: TRUE | F14: TRUE | G14: slideset.Rmd | H14: newborn-mort-2021 | I14: TRUE | J14: =IF(OR(IF(ISERROR(VLOOKUP($C14,PNGs!J:J,1,FALSE)),FALSE,TRUE),IF(ISERROR(VLOOKUP($C14,PNGs!K:K,1,FALSE)),FALSE,TRUE),IF(ISERROR(VLOOKUP($C14,PNGs!L:L,1,FALSE)),FALSE,TRUE)), TRUE,FALSE) -> TRUE | K14: https://childmortality.org/#datasets | L14: UNIGME | N14: (need to concatenate the age group and estimate tame (lower,med,upper) in excel before importing e.g. U5MR_lower, =CONCAT(C15,"_lower"))
A15: Issue | B15: 25.8999 | C15: age_obesity_2016.csv | D15: ArcGIS/ | E15: TRUE | F15: TRUE | G15: slideset.Rmd | H15: aging | I15: TRUE? | J15: TRUE? | K15: https://xmart-api-public.who.int/MNCAH/MCA_FACT_DATA?$filter=INDICATOR_FK%20in%20(%22AC_ANEMIAPW%22,%22AC_ANEMIAWRA%22,%22BC_LBW%22)&$select=INDICATOR_FK,YEAR_FK,COUNTRY_FK,COUNTRY_FK__CODE,ValueNumeric,ValueLow,ValueHigh,ValueStdDev,ValueStdErr,Comments,AGEGROUP_FK,Answer_FK,CauseGHE_FK,CauseGHEChild_FK,CauseENVCAUSE_FK,DatasourceLong,DatasourceShort,ImpSan_FK,ImpWater_FK,LivingArrangements_FK,MEASDEF_FK,MOTHEREDUCATION_FK,ProficiencyLevel_FK,ResideLTA_FK,RESIDENCEAREA_FK,SABDefinition_FK,SEVERITY_FK,SEVERITYHEARING_FK,SEVERITYVISION_FK,SEX_FK,WEALTHQUINTILE_FK
A16: Issue | B16: 9 | C16: Copy of cause of death for under 5 age groups_2021_23052024.xlsx | D16: data/ | E16: TRUE | F16: TRUE | G16: slideset.Rmd | H16: neo-cod-cacode | I16: TRUE | J16: =IF(OR(IF(ISERROR(VLOOKUP($C16,PNGs!J:J,1,FALSE)),FALSE,TRUE),IF(ISERROR(VLOOKUP($C16,PNGs!K:K,1,FALSE)),FALSE,TRUE),IF(ISERROR(VLOOKUP($C16,PNGs!L:L,1,FALSE)),FALSE,TRUE)), TRUE,FALSE) -> TRUE | K16: email from kate strong may 23 2024 | L16: KATE | N16: Where does it originally come from CA-CODE? IGME?
A17: NA | B17: 0 | C17: NA | D17: NA | E17: NA | F17: NA | G17: NA | H17: NA | I17: NA | J17: =IF(OR(IF(ISERROR(VLOOKUP($C17,PNGs!J:J,1,FALSE)),FALSE,TRUE),IF(ISERROR(VLOOKUP($C17,PNGs!K:K,1,FALSE)),FALSE,TRUE),IF(ISERROR(VLOOKUP($C17,PNGs!L:L,1,FALSE)),FALSE,TRUE)), TRUE,FALSE) -> TRUE | K17: NA | N17: NA
A18: Issue | B18: 15 | C18: Cause-specific_ranking_All years.dta | D18: data/raw/ | E18: TRUE | F18: FALSE | G18: NA | H18: NA | I18: FALSE? | J18: TRUE | K18: cause specific data from regina. dta file was huge so converted to csv in stata and then to parquet in this script: cause_specific_convert.R | N18: See notes from Cause_specific_ranking_AllYears.parquet
A19: Issue | B19: 25.98 | C19: AGE_HALE60.csv | D19: ArcGIS/ | E19: TRUE | F19: TRUE | G19: slideset.Rmd | H19: aging | I19: TRUE? | J19: TRUE? | K19: https://xmart-api-public.who.int/MNCAH/MCA_FACT_DATA?$filter=INDICATOR_FK%20in%20(%22AC_ANEMIAPW%22,%22AC_ANEMIAWRA%22,%22BC_LBW%22)&$select=INDICATOR_FK,YEAR_FK,COUNTRY_FK,COUNTRY_FK__CODE,ValueNumeric,ValueLow,ValueHigh,ValueStdDev,ValueStdErr,Comments,AGEGROUP_FK,Answer_FK,CauseGHE_FK,CauseGHEChild_FK,CauseENVCAUSE_FK,DatasourceLong,DatasourceShort,ImpSan_FK,ImpWater_FK,LivingArrangements_FK,MEASDEF_FK,MOTHEREDUCATION_FK,ProficiencyLevel_FK,ResideLTA_FK,RESIDENCEAREA_FK,SABDefinition_FK,SEVERITY_FK,SEVERITYHEARING_FK,SEVERITYVISION_FK,SEX_FK,WEALTHQUINTILE_FK
A20: Issue | B20: 15.99 | C20: adol_cause_maps.csv | D20: ArcGIS/ | E20: TRUE | F20: TRUE | G20: slideset.Rmd | H20: adol-yll-yld-causeSpecific | I20: TRUE? | J20: TRUE? | K20: Cause_specific_ranking_AllYears.parquet
A21: Issue | B21: 3 | C21: UNIGME-2021-Country-Rates-Deaths-Under-five_reshape.csv | D21: data/external | E21: TRUE | F21: TRUE | G21: slideset.Rmd | H21: newborn-mort-2021 | I21: TRUE? | J21: =IF(OR(IF(ISERROR(VLOOKUP($C21,PNGs!J:J,1,FALSE)),FALSE,TRUE),IF(ISERROR(VLOOKUP($C21,PNGs!K:K,1,FALSE)),FALSE,TRUE),IF(ISERROR(VLOOKUP($C21,PNGs!L:L,1,FALSE)),FALSE,TRUE)), TRUE,FALSE) -> FALSE | K21: https://childmortality.org/#datasets | L21: https://childmortality.org/#datasets | N21: for arcgis. Not present. Creates ArcGIS/unigme_2021_mortrates.csv
A22: Good | B22: 21 | C22: https://xmart-api-public.who.int/MNCAH/MCA_FACT_DATA?$filter=INDICATOR_FK%20in%20(%22AC_A4V%22,%22MN_IRTSYR%22,%22WCAH_ANCSYP%22,%22BC_FPSMM%22,%22BC_BASHP%22,%22CANUT_EBF%22,%22CANUT_EIBF%22,%22MN_ARV_PMTCT%22,%22TECI_ORS%22,%22TECI_ORSZINC%22,%22TECI_PNEUHCP%22,%22PNC_MOM%22,%22PNC_NB%22,%22AC_PAB%22,%22WCAH_DTP3%22,%22WCAH_MCV2%22)&$select=INDICATOR_FK,YEAR_FK,COUNTRY_FK,COUNTRY_FK__CODE,ValueNumeric,ValueLow,ValueHigh,ValueStdDev,ValueStdErr,Comments,AGEGROUP_FK,Answer_FK,CauseGHE_FK,CauseGHEChild_FK,CauseENVCAUSE_FK,DatasourceLong,DatasourceShort,ImpSan_FK,ImpWater_FK,LivingArrangements_FK,MEASDEF_FK,MOTHEREDUCATION_FK,ProficiencyLevel_FK,ResideLTA_FK,RESIDENCEAREA_FK,SABDefinition_FK,SEVERITY_FK,SEVERITYHEARING_FK,SEVERITYVISION_FK,SEX_FK,WEALTHQUINTILE_F | D22: NA | E22: NA | F22: TRUE | G22: slideset.Rmd | H22: mat-newb-coverage-xmart | I22: TRUE | J22: TRUE | K22: https://xmart-api-public.who.int/MNCAH/MCA_FACT_DATA?$filter=INDICATOR_FK%20in%20(%22AC_A4V%22,%22MN_IRTSYR%22,%22WCAH_ANCSYP%22,%22BC_FPSMM%22,%22BC_BASHP%22,%22CANUT_EBF%22,%22CANUT_EIBF%22,%22MN_ARV_PMTCT%22,%22TECI_ORS%22,%22TECI_ORSZINC%22,%22TECI_PNEUHCP%22,%22PNC_MOM%22,%22PNC_NB%22,%22AC_PAB%22,%22WCAH_DTP3%22,%22WCAH_MCV2%22)&$select=INDICATOR_FK,YEAR_FK,COUNTRY_FK,COUNTRY_FK__CODE,ValueNumeric,ValueLow,ValueHigh,ValueStdDev,ValueStdErr,Comments,AGEGROUP_FK,Answer_FK,CauseGHE_FK,CauseGHEChild_FK,CauseENVCAUSE_FK,DatasourceLong,DatasourceShort,ImpSan_FK,ImpWater_FK,LivingArrangements_FK,MEASDEF_FK,MOTHEREDUCATION_FK,ProficiencyLevel_FK,ResideLTA_FK,RESIDENCEAREA_FK,SABDefinition_FK,SEVERITY_FK,SEVERITYHEARING_FK,SEVERITYVISION_FK,SEX_FK,WEALTHQUINTILE_F | L22: MCA | N22: Don't appear in slides: MNHcoverage_trend_median2015-2024.png MNHcoverage_Antenatal_trend_median2015-2024.png MNHcoverage_Antenatal_recent_median2020-2024.png MNHcoverage_wealth_pncNB_2016-2022.png MNHcoverage_wealth_pncMOM_2016-2022.png Appear in slides: MNHcoverage_recent_median2020-2024.png MNHcoverage_region_recent_medians2020-24.png Plus a bunch with inequalities_ as prefix and a variety of suffixes. Given the way the code is written it is hard to tell if all the pngs are used or not.
A23: Issue | B23: 5 | C23: arr_estimates.xlsx | D23: data/external/ | E23: TRUE | F23: TRUE | G23: slideset.Rmd | H23: stillbirth_nmr | I23: FALSE? | J23: =IF(OR(IF(ISERROR(VLOOKUP($C23,PNGs!J:J,1,FALSE)),FALSE,TRUE),IF(ISERROR(VLOOKUP($C23,PNGs!K:K,1,FALSE)),FALSE,TRUE),IF(ISERROR(VLOOKUP($C23,PNGs!L:L,1,FALSE)),FALSE,TRUE)), TRUE,FALSE) -> TRUE | K23: ? | L23: UNIGME? | N23: Not in github and no source listed
A24: Good | B24: 21.1 | C24: data_export_MNCAH_DM_Indicators_MNHcoveragekp.xlsx | D24: data/ | E24: TRUE | F24: TRUE | G24: slideset.Rmd | H24: mat-newb-coverage-xmart | I24: TRUE | J24: =IF(OR(IF(ISERROR(VLOOKUP($C24,PNGs!J:J,1,FALSE)),FALSE,TRUE),IF(ISERROR(VLOOKUP($C24,PNGs!K:K,1,FALSE)),FALSE,TRUE),IF(ISERROR(VLOOKUP($C24,PNGs!L:L,1,FALSE)),FALSE,TRUE)), TRUE,FALSE) -> TRUE | K24: https://extranet.who.int/xmart4/MNCAH/data/DM_Indicators | L24: MCA | N24: used with "#21" to get indicator titles.
A25: Issue | B25: 7 | C25: UNIGME_data_for_WHO_2021.xlsx | D25: data/external/ | E25: TRUE | F25: TRUE | G25: slideset.Rmd | H25: newborn-mort-igme21-regional | I25: FALSE? | J25: =IF(OR(IF(ISERROR(VLOOKUP($C25,PNGs!J:J,1,FALSE)),FALSE,TRUE),IF(ISERROR(VLOOKUP($C25,PNGs!K:K,1,FALSE)),FALSE,TRUE),IF(ISERROR(VLOOKUP($C25,PNGs!L:L,1,FALSE)),FALSE,TRUE)), TRUE,FALSE) -> TRUE | K25: unigme estimates from 2021 with WHO regions (from Gerard email 18 jan 2022) | L25: UNIGME | N25: Not in github, but I added it from my email. Is this not in use? Don't appear in slides: 2021unigme_rates_Regions_nmr_imr_cmr_u5mr.png 2021unigme_rates_Regions_nmr.png 2021unigme_rates_Regions_nmr_imr.png 2021unigme_rates_Regions_nmr_imr_cmr.png
A26: Question | B26: 10 | C26: estimates_World.csv | D26: data/external/ | E26: FALSE | F26: TRUE | G26: slideset.Rmd | H26: maternal-mort | I26: TRUE | J26: =IF(OR(IF(ISERROR(VLOOKUP($C26,PNGs!J:J,1,FALSE)),FALSE,TRUE),IF(ISERROR(VLOOKUP($C26,PNGs!K:K,1,FALSE)),FALSE,TRUE),IF(ISERROR(VLOOKUP($C26,PNGs!L:L,1,FALSE)),FALSE,TRUE)), TRUE,FALSE) -> TRUE | K26: https://mmr2020.srhr.org/data#download specifically: https://mmr2020.srhr.org/download_mmr_estimates.zip | L26: SRHR? GHO? | N26: Why this one? And not https://data.who.int/indicators/i/C071DCB/AC597B1 or https://platform.who.int/data/maternal-newborn-child-adolescent-ageing/indicator-explorer-new/MCA/maternal-mortality-ratio-(per-100-000-live-births) GERARD TODO: Compare
A27: Issue | B27: 18 | C27: GLOBAL_DATAFLOW_2009-2019_UNICEFdataWarehouseStillbirth210921.xlsx | D27: data/external/ | E27: TRUE | F27: TRUE | G27: slideset.Rmd | H27: stillbirths | I27: FALSE? | J27: =IF(OR(IF(ISERROR(VLOOKUP($C27,PNGs!J:J,1,FALSE)),FALSE,TRUE),IF(ISERROR(VLOOKUP($C27,PNGs!K:K,1,FALSE)),FALSE,TRUE),IF(ISERROR(VLOOKUP($C27,PNGs!L:L,1,FALSE)),FALSE,TRUE)), TRUE,FALSE) -> FALSE | K27: UNICEF…But from where exactly | N27: Chunk "stillbirths" creates "stillbirthsUNICEF" but then it doesn't seem to use them to generate pngs.
A28: Issue | B28: 20 | C28: https://ghoapi.azureedge.net/api/WHS_PBR | D28: NA | E28: NA | F28: TRUE | G28: slideset.Rmd | H28: mnh_riskfactors | I28: FALSE? | J28: =IF(OR(IF(ISERROR(VLOOKUP($C28,PNGs!J:J,1,FALSE)),FALSE,TRUE),IF(ISERROR(VLOOKUP($C28,PNGs!K:K,1,FALSE)),FALSE,TRUE),IF(ISERROR(VLOOKUP($C28,PNGs!L:L,1,FALSE)),FALSE,TRUE)), TRUE,FALSE) -> FALSE | K28: https://ghoapi.azureedge.net/api/WHS_PBR | N28: Chunk "mnh_riskfactors" creates "WHS_PBR" but then it doesn't seem to use them to generate pngs.
A29: Question | B29: 11 | C29: estimates_WHO_region.csv | D29: data/external/ | E29: FALSE | F29: TRUE | G29: slideset.Rmd | H29: maternal-mort | I29: TRUE | J29: =IF(OR(IF(ISERROR(VLOOKUP($C29,PNGs!J:J,1,FALSE)),FALSE,TRUE),IF(ISERROR(VLOOKUP($C29,PNGs!K:K,1,FALSE)),FALSE,TRUE),IF(ISERROR(VLOOKUP($C29,PNGs!L:L,1,FALSE)),FALSE,TRUE)), TRUE,FALSE) -> TRUE | K29: https://mmr2020.srhr.org/data#download specifically: https://mmr2020.srhr.org/download_mmr_estimates.zip | N29: Why this one? And not https://data.who.int/indicators/i/C071DCB/AC597B1 or https://platform.who.int/data/maternal-newborn-child-adolescent-ageing/indicator-explorer-new/MCA/maternal-mortality-ratio-(per-100-000-live-births) GERARD TODO: Compare
A30: Question | B30: 11.1 | C30: estimates_World_Bank_Income.csv | D30: data/external/ | E30: FALSE | F30: TRUE | G30: slideset.Rmd | H30: maternal-mort | I30: TRUE | J30: =IF(OR(IF(ISERROR(VLOOKUP($C30,PNGs!J:J,1,FALSE)),FALSE,TRUE),IF(ISERROR(VLOOKUP($C30,PNGs!K:K,1,FALSE)),FALSE,TRUE),IF(ISERROR(VLOOKUP($C30,PNGs!L:L,1,FALSE)),FALSE,TRUE)), TRUE,FALSE) -> TRUE | K30: https://mmr2020.srhr.org/data#download specifically: https://mmr2020.srhr.org/download_mmr_estimates.zip | N30: Why this one? And not https://data.who.int/indicators/i/C071DCB/AC597B1 or https://platform.who.int/data/maternal-newborn-child-adolescent-ageing/indicator-explorer-new/MCA/maternal-mortality-ratio-(per-100-000-live-births) GERARD TODO: Compare
A31: Issue | B31: 22 | C31: Maternal-and-Newborn-Health-Coverage-Database-August-2021.xlsx | D31: data/external/ | E31: TRUE | F31: TRUE | G31: slideset.Rmd | H31: mat-newb-coverage-old | I31: FALSE? | J31: =IF(OR(IF(ISERROR(VLOOKUP($C31,PNGs!J:J,1,FALSE)),FALSE,TRUE),IF(ISERROR(VLOOKUP($C31,PNGs!K:K,1,FALSE)),FALSE,TRUE),IF(ISERROR(VLOOKUP($C31,PNGs!L:L,1,FALSE)),FALSE,TRUE)), TRUE,FALSE) -> FALSE | K31: UNICEF | N31: Chunk "mat-newb-coverage-old" creates several datasets, but then doesn't seem to use them to generate pngs.
A32: Issue | B32: 22.1 | C32: WPP2019_POP_F01_1_TOTAL_POPULATION_BOTH_SEXES.xlsx | D32: data/external/ | E32: TRUE | F32: TRUE | G32: slideset.Rmd | H32: mnh_riskfactors ,mat-newb-coverage-old | I32: FALSE? | J32: FALSE | K32: UNPD WPP 2019 | N32: Chunk "mat-newb-coverage-old" creates several datasets, but then doesn't seem to use them to generate pngs.
A33: Question | B33: 12 | C33: Say2014_LGH_MatCauseDeath.xlsx | D33: data/external/ | E33: TRUE | F33: TRUE | G33: slideset.Rmd | H33: maternal-mort | I33: TRUE | J33: =IF(OR(IF(ISERROR(VLOOKUP($C33,PNGs!J:J,1,FALSE)),FALSE,TRUE),IF(ISERROR(VLOOKUP($C33,PNGs!K:K,1,FALSE)),FALSE,TRUE),IF(ISERROR(VLOOKUP($C33,PNGs!L:L,1,FALSE)),FALSE,TRUE)), TRUE,FALSE) -> TRUE | K33: Say et al, Lancet Global Health, 2014 | N33: This is pretty old…nothing newer?
A34: Good | B34: 25.8 | C34: WPP2024_GEN_F01_DEMOGRAPHIC_INDICATORS_COMPACT.xlsx | D34: data/external/ | E34: TRUE | F34: TRUE | G34: slideset.Rmd | H34: aging | I34: TRUE | J34: =IF(OR(IF(ISERROR(VLOOKUP($C34,PNGs!J:J,1,FALSE)),FALSE,TRUE),IF(ISERROR(VLOOKUP($C34,PNGs!K:K,1,FALSE)),FALSE,TRUE),IF(ISERROR(VLOOKUP($C34,PNGs!L:L,1,FALSE)),FALSE,TRUE)), TRUE,FALSE) -> TRUE | K34: UNPD WPP 2024 | N34: see "#25.0"
A35: Good | B35: 23 | C35: https://ghoapi.azureedge.net/api/sba | D35: NA | E35: NA | F35: TRUE | G35: slideset.Rmd | H35: equity | I35: TRUE | J35: =IF(OR(IF(ISERROR(VLOOKUP($C35,PNGs!J:J,1,FALSE)),FALSE,TRUE),IF(ISERROR(VLOOKUP($C35,PNGs!K:K,1,FALSE)),FALSE,TRUE),IF(ISERROR(VLOOKUP($C35,PNGs!L:L,1,FALSE)),FALSE,TRUE)), TRUE,FALSE) -> TRUE | K35: https://ghoapi.azureedge.net/api/sba | N35: Appear in slides: inequalities_sba101_decile_gho.png inequalities_sba104_edu_gho.png inequalities_sba102_resid_gho.png inequalities_sba102_subnatRegion_gho.png
A36: Good | B36: 24 | C36: https://xmart-api-public.who.int/MNCAH/MCA_FACT_DATA?$filter=INDICATOR_FK%20in%20(%22TECI_ORS%22,%22TECI_ORSZINC%22,%22TECI_PNEUHCP%22)&$select=INDICATOR_FK,YEAR_FK,COUNTRY_FK,COUNTRY_FK__CODE,ValueString,ValueNumeric,ValueLow,ValueHigh,ValueStdDev,ValueStdErr,Comments,EffectiveDate,EndDate,Status,AGEGROUP_FK,AGEGROUP_FK__CODE,Answer_FK,CauseGHE_FK,CauseGHE_FK__CODE,CauseGHEChild_FK,CauseGHEChild_FK__CODE,CauseENVCAUSE_FK,CauseENVCAUSE_FK__CODE,DatasourceLong,DatasourceShort,ImpSan_FK,ImpWater_FK,LivingArrangements_FK,MEASDEF_FK,MOTHEREDUCATION_FK,ProficiencyLevel_FK,ResideLTA_FK,RESIDENCEAREA_FK,SABDefinition_FK,SEVERITY_FK,SEVERITYHEARING_FK,SEVERITYVISION_FK,SEX_FK,WEALTHQUINTILE_FK | D36: NA | E36: NA | F36: TRUE | G36: slideset.Rmd | H36: child cov | I36: TRUE | J36: =IF(OR(IF(ISERROR(VLOOKUP($C36,PNGs!J:J,1,FALSE)),FALSE,TRUE),IF(ISERROR(VLOOKUP($C36,PNGs!K:K,1,FALSE)),FALSE,TRUE),IF(ISERROR(VLOOKUP($C36,PNGs!L:L,1,FALSE)),FALSE,TRUE)), TRUE,FALSE) -> FALSE | K36: https://xmart-api-public.who.int/MNCAH/MCA_FACT_DATA?$filter=INDICATOR_FK%20in%20(%22TECI_ORS%22,%22TECI_ORSZINC%22,%22TECI_PNEUHCP%22)&$select=INDICATOR_FK,YEAR_FK,COUNTRY_FK,COUNTRY_FK__CODE,ValueString,ValueNumeric,ValueLow,ValueHigh,ValueStdDev,ValueStdErr,Comments,EffectiveDate,EndDate,Status,AGEGROUP_FK,AGEGROUP_FK__CODE,Answer_FK,CauseGHE_FK,CauseGHE_FK__CODE,CauseGHEChild_FK,CauseGHEChild_FK__CODE,CauseENVCAUSE_FK,CauseENVCAUSE_FK__CODE,DatasourceLong,DatasourceShort,ImpSan_FK,ImpWater_FK,LivingArrangements_FK,MEASDEF_FK,MOTHEREDUCATION_FK,ProficiencyLevel_FK,ResideLTA_FK,RESIDENCEAREA_FK,SABDefinition_FK,SEVERITY_FK,SEVERITYHEARING_FK,SEVERITYVISION_FK,SEX_FK,WEALTHQUINTILE_FK | N36: Appears in slides: child_coverage_medians2010-22.png
A37: Good | B37: 25 | C37: https://xmart-api-public.who.int/MNCAH/MCA_FACT_DATA?$filter=INDICATOR_FK%20in%20(%22AGE_OVER60PCT%22)&$select=INDICATOR_FK,YEAR_FK,COUNTRY_FK,COUNTRY_FK__CODE,ValueString,ValueNumeric,ValueLow,ValueHigh,ValueStdDev,ValueStdErr,Comments,EffectiveDate,EndDate,Status,AGEGROUP_FK,AGEGROUP_FK__CODE,Answer_FK,CauseGHE_FK,CauseGHE_FK__CODE,CauseGHEChild_FK,CauseGHEChild_FK__CODE,CauseENVCAUSE_FK,CauseENVCAUSE_FK__CODE,DatasourceLong,DatasourceShort,ImpSan_FK,ImpWater_FK,LivingArrangements_FK,MEASDEF_FK,MOTHEREDUCATION_FK,ProficiencyLevel_FK,ResideLTA_FK,RESIDENCEAREA_FK,SABDefinition_FK,SEVERITY_FK,SEVERITYHEARING_FK,SEVERITYVISION_FK,SEX_FK,WEALTHQUINTILE_FK | D37: NA | E37: NA | F37: TRUE | G37: slideset.Rmd | H37: aging | I37: TRUE | J37: =IF(OR(IF(ISERROR(VLOOKUP($C37,PNGs!J:J,1,FALSE)),FALSE,TRUE),IF(ISERROR(VLOOKUP($C37,PNGs!K:K,1,FALSE)),FALSE,TRUE),IF(ISERROR(VLOOKUP($C37,PNGs!L:L,1,FALSE)),FALSE,TRUE)), TRUE,FALSE) -> FALSE | K37: https://xmart-api-public.who.int/MNCAH/MCA_FACT_DATA?$filter=INDICATOR_FK%20in%20(%22AGE_OVER60PCT%22)&$select=INDICATOR_FK,YEAR_FK,COUNTRY_FK,COUNTRY_FK__CODE,ValueString,ValueNumeric,ValueLow,ValueHigh,ValueStdDev,ValueStdErr,Comments,EffectiveDate,EndDate,Status,AGEGROUP_FK,AGEGROUP_FK__CODE,Answer_FK,CauseGHE_FK,CauseGHE_FK__CODE,CauseGHEChild_FK,CauseGHEChild_FK__CODE,CauseENVCAUSE_FK,CauseENVCAUSE_FK__CODE,DatasourceLong,DatasourceShort,ImpSan_FK,ImpWater_FK,LivingArrangements_FK,MEASDEF_FK,MOTHEREDUCATION_FK,ProficiencyLevel_FK,ResideLTA_FK,RESIDENCEAREA_FK,SABDefinition_FK,SEVERITY_FK,SEVERITYHEARING_FK,SEVERITYVISION_FK,SEX_FK,WEALTHQUINTILE_FK | N37: Don't appear in slides: age_over60pct_map-2050.png age60plspct_trends_region.png age60plspct_trends2050_region.png age60plspct_trends2050_region_labels.png age60plspct_sex_income.png age80plspct_sex_income.png aging_hale_country.png age_reside_2010-19_country.png age_reside_2010-19_country_sear-emr-afr-wpr.png age_reside_2010-19_country_amr-eur.png age_longtermcarefac_2010-22.png age_longtermcarefac_home_2010-22.png age_longtermcarefac_home_2010-21-ages65and80.png Appear in slides: age_over60pct_map.png age_over60pct_map_2030.png age60plspct_sex_region.png age80plspct_sex_region.png aging_hale_countryv2.png aging_ha_le_region_sex.png aging_ha_le_income_sex.png age_insufact70pls_sex_region.png age_labour65pls_2015-23_sex_region.png age_fall_2019_region.png age_backpain_2019_region.png age_ageism_2014_region.png
A38: Good | B38: 25.1 | C38: https://xmart-api-public.who.int/MNCAH/MCA_FACT_DATA?$filter=INDICATOR_FK%20in%20(%22AGE_OVER80PCT%22)&$select=INDICATOR_FK,YEAR_FK,COUNTRY_FK,COUNTRY_FK__CODE,ValueString,ValueNumeric,ValueLow,ValueHigh,ValueStdDev,ValueStdErr,Comments,EffectiveDate,EndDate,Status,AGEGROUP_FK,AGEGROUP_FK__CODE,Answer_FK,CauseGHE_FK,CauseGHE_FK__CODE,CauseGHEChild_FK,CauseGHEChild_FK__CODE,CauseENVCAUSE_FK,CauseENVCAUSE_FK__CODE,DatasourceLong,DatasourceShort,ImpSan_FK,ImpWater_FK,LivingArrangements_FK,MEASDEF_FK,MOTHEREDUCATION_FK,ProficiencyLevel_FK,ResideLTA_FK,RESIDENCEAREA_FK,SABDefinition_FK,SEVERITY_FK,SEVERITYHEARING_FK,SEVERITYVISION_FK,SEX_FK,WEALTHQUINTILE_FK | D38: NA | E38: NA | F38: TRUE | G38: slideset.Rmd | H38: aging | I38: TRUE | J38: =IF(OR(IF(ISERROR(VLOOKUP($C38,PNGs!J:J,1,FALSE)),FALSE,TRUE),IF(ISERROR(VLOOKUP($C38,PNGs!K:K,1,FALSE)),FALSE,TRUE),IF(ISERROR(VLOOKUP($C38,PNGs!L:L,1,FALSE)),FALSE,TRUE)), TRUE,FALSE) -> FALSE | K38: https://xmart-api-public.who.int/MNCAH/MCA_FACT_DATA?$filter=INDICATOR_FK%20in%20(%22AGE_OVER80PCT%22)&$select=INDICATOR_FK,YEAR_FK,COUNTRY_FK,COUNTRY_FK__CODE,ValueString,ValueNumeric,ValueLow,ValueHigh,ValueStdDev,ValueStdErr,Comments,EffectiveDate,EndDate,Status,AGEGROUP_FK,AGEGROUP_FK__CODE,Answer_FK,CauseGHE_FK,CauseGHE_FK__CODE,CauseGHEChild_FK,CauseGHEChild_FK__CODE,CauseENVCAUSE_FK,CauseENVCAUSE_FK__CODE,DatasourceLong,DatasourceShort,ImpSan_FK,ImpWater_FK,LivingArrangements_FK,MEASDEF_FK,MOTHEREDUCATION_FK,ProficiencyLevel_FK,ResideLTA_FK,RESIDENCEAREA_FK,SABDefinition_FK,SEVERITY_FK,SEVERITYHEARING_FK,SEVERITYVISION_FK,SEX_FK,WEALTHQUINTILE_FK | N38: see "#25.0"
A39: Good | B39: 25.2 | C39: https://xmart-api-public.who.int/MNCAH/MCA_FACT_DATA?$filter=INDICATOR_FK%20in%20(%22AGE_LE60%22,%22AGE_HALE60%22)&$select=INDICATOR_FK,YEAR_FK,COUNTRY_FK,COUNTRY_FK__CODE,ValueString,ValueNumeric,ValueLow,ValueHigh,ValueStdDev,ValueStdErr,Comments,EffectiveDate,EndDate,Status,AGEGROUP_FK,AGEGROUP_FK__CODE,Answer_FK,CauseGHE_FK,CauseGHE_FK__CODE,CauseGHEChild_FK,CauseGHEChild_FK__CODE,CauseENVCAUSE_FK,CauseENVCAUSE_FK__CODE,DatasourceLong,DatasourceShort,ImpSan_FK,ImpWater_FK,LivingArrangements_FK,MEASDEF_FK,MOTHEREDUCATION_FK,ProficiencyLevel_FK,ResideLTA_FK,RESIDENCEAREA_FK,SABDefinition_FK,SEVERITY_FK,SEVERITYHEARING_FK,SEVERITYVISION_FK,SEX_FK,WEALTHQUINTILE_FK | D39: NA | E39: NA | F39: TRUE | G39: slideset.Rmd | H39: aging | I39: TRUE | J39: =IF(OR(IF(ISERROR(VLOOKUP($C39,PNGs!J:J,1,FALSE)),FALSE,TRUE),IF(ISERROR(VLOOKUP($C39,PNGs!K:K,1,FALSE)),FALSE,TRUE),IF(ISERROR(VLOOKUP($C39,PNGs!L:L,1,FALSE)),FALSE,TRUE)), TRUE,FALSE) -> FALSE | K39: https://xmart-api-public.who.int/MNCAH/MCA_FACT_DATA?$filter=INDICATOR_FK%20in%20(%22AGE_LE60%22,%22AGE_HALE60%22)&$select=INDICATOR_FK,YEAR_FK,COUNTRY_FK,COUNTRY_FK__CODE,ValueString,ValueNumeric,ValueLow,ValueHigh,ValueStdDev,ValueStdErr,Comments,EffectiveDate,EndDate,Status,AGEGROUP_FK,AGEGROUP_FK__CODE,Answer_FK,CauseGHE_FK,CauseGHE_FK__CODE,CauseGHEChild_FK,CauseGHEChild_FK__CODE,CauseENVCAUSE_FK,CauseENVCAUSE_FK__CODE,DatasourceLong,DatasourceShort,ImpSan_FK,ImpWater_FK,LivingArrangements_FK,MEASDEF_FK,MOTHEREDUCATION_FK,ProficiencyLevel_FK,ResideLTA_FK,RESIDENCEAREA_FK,SABDefinition_FK,SEVERITY_FK,SEVERITYHEARING_FK,SEVERITYVISION_FK,SEX_FK,WEALTHQUINTILE_FK | N39: see "#25.0"
A40: Good | B40: 25.3 | C40: https://xmart-api-public.who.int/MNCAH/MCA_FACT_DATA?$filter=INDICATOR_FK%20in%20(%22AGE_MORT_TOP10%22)%20and%20YEAR_FK%20in%20(%222019%22)&$select=INDICATOR_FK,YEAR_FK,COUNTRY_FK,COUNTRY_FK__CODE,ValueString,ValueNumeric,ValueLow,ValueHigh,ValueStdDev,ValueStdErr,Comments,EffectiveDate,EndDate,Status,AGEGROUP_FK,AGEGROUP_FK__CODE,Answer_FK,CauseGHE_FK,CauseGHE_FK__CODE,CauseGHEChild_FK,CauseGHEChild_FK__CODE,CauseENVCAUSE_FK,CauseENVCAUSE_FK__CODE,DatasourceLong,DatasourceShort,ImpSan_FK,ImpWater_FK,LivingArrangements_FK,MEASDEF_FK,MOTHEREDUCATION_FK,ProficiencyLevel_FK,ResideLTA_FK,RESIDENCEAREA_FK,SABDefinition_FK,SEVERITY_FK,SEVERITYHEARING_FK,SEVERITYVISION_FK,SEX_FK,WEALTHQUINTILE_FK | D40: NA | E40: NA | F40: TRUE | G40: slideset.Rmd | H40: aging | I40: TRUE | J40: =IF(OR(IF(ISERROR(VLOOKUP($C40,PNGs!J:J,1,FALSE)),FALSE,TRUE),IF(ISERROR(VLOOKUP($C40,PNGs!K:K,1,FALSE)),FALSE,TRUE),IF(ISERROR(VLOOKUP($C40,PNGs!L:L,1,FALSE)),FALSE,TRUE)), TRUE,FALSE) -> FALSE | K40: https://xmart-api-public.who.int/MNCAH/MCA_FACT_DATA?$filter=INDICATOR_FK%20in%20(%22AGE_MORT_TOP10%22)%20and%20YEAR_FK%20in%20(%222019%22)&$select=INDICATOR_FK,YEAR_FK,COUNTRY_FK,COUNTRY_FK__CODE,ValueString,ValueNumeric,ValueLow,ValueHigh,ValueStdDev,ValueStdErr,Comments,EffectiveDate,EndDate,Status,AGEGROUP_FK,AGEGROUP_FK__CODE,Answer_FK,CauseGHE_FK,CauseGHE_FK__CODE,CauseGHEChild_FK,CauseGHEChild_FK__CODE,CauseENVCAUSE_FK,CauseENVCAUSE_FK__CODE,DatasourceLong,DatasourceShort,ImpSan_FK,ImpWater_FK,LivingArrangements_FK,MEASDEF_FK,MOTHEREDUCATION_FK,ProficiencyLevel_FK,ResideLTA_FK,RESIDENCEAREA_FK,SABDefinition_FK,SEVERITY_FK,SEVERITYHEARING_FK,SEVERITYVISION_FK,SEX_FK,WEALTHQUINTILE_FK | N40: see "#25.0"
A41: Good | B41: 25.4 | C41: https://xmart-api-public.who.int/MNCAH/MCA_FACT_DATA?$filter=INDICATOR_FK%20in%20(%22AGE_YLD%22)%20and%20YEAR_FK%20in%20(%222019%22)&$select=INDICATOR_FK,YEAR_FK,COUNTRY_FK,COUNTRY_FK__CODE,ValueString,ValueNumeric,ValueLow,ValueHigh,ValueStdDev,ValueStdErr,Comments,EffectiveDate,EndDate,Status,AGEGROUP_FK,AGEGROUP_FK__CODE,Answer_FK,CauseGHE_FK,CauseGHE_FK__CODE,CauseGHEChild_FK,CauseGHEChild_FK__CODE,CauseENVCAUSE_FK,CauseENVCAUSE_FK__CODE,DatasourceLong,DatasourceShort,ImpSan_FK,ImpWater_FK,LivingArrangements_FK,MEASDEF_FK,MOTHEREDUCATION_FK,ProficiencyLevel_FK,ResideLTA_FK,RESIDENCEAREA_FK,SABDefinition_FK,SEVERITY_FK,SEVERITYHEARING_FK,SEVERITYVISION_FK,SEX_FK,WEALTHQUINTILE_FK | D41: NA | E41: NA | F41: TRUE | G41: slideset.Rmd | H41: aging | I41: TRUE | J41: =IF(OR(IF(ISERROR(VLOOKUP($C41,PNGs!J:J,1,FALSE)),FALSE,TRUE),IF(ISERROR(VLOOKUP($C41,PNGs!K:K,1,FALSE)),FALSE,TRUE),IF(ISERROR(VLOOKUP($C41,PNGs!L:L,1,FALSE)),FALSE,TRUE)), TRUE,FALSE) -> FALSE | K41: https://xmart-api-public.who.int/MNCAH/MCA_FACT_DATA?$filter=INDICATOR_FK%20in%20(%22AGE_YLD%22)%20and%20YEAR_FK%20in%20(%222019%22)&$select=INDICATOR_FK,YEAR_FK,COUNTRY_FK,COUNTRY_FK__CODE,ValueString,ValueNumeric,ValueLow,ValueHigh,ValueStdDev,ValueStdErr,Comments,EffectiveDate,EndDate,Status,AGEGROUP_FK,AGEGROUP_FK__CODE,Answer_FK,CauseGHE_FK,CauseGHE_FK__CODE,CauseGHEChild_FK,CauseGHEChild_FK__CODE,CauseENVCAUSE_FK,CauseENVCAUSE_FK__CODE,DatasourceLong,DatasourceShort,ImpSan_FK,ImpWater_FK,LivingArrangements_FK,MEASDEF_FK,MOTHEREDUCATION_FK,ProficiencyLevel_FK,ResideLTA_FK,RESIDENCEAREA_FK,SABDefinition_FK,SEVERITY_FK,SEVERITYHEARING_FK,SEVERITYVISION_FK,SEX_FK,WEALTHQUINTILE_FK | N41: see "#25.0"
A42: Good | B42: 25.5 | C42: https://xmart-api-public.who.int/MNCAH/MCA_FACT_DATA?$filter=INDICATOR_FK%20in%20(%22AGE_OBESITY%22,%22AGE_INSUFACT%22,%22AGE_RESIDE%22,%22AGE_LABOUR%22)&$select=INDICATOR_FK,YEAR_FK,COUNTRY_FK,COUNTRY_FK__CODE,ValueString,ValueNumeric,ValueLow,ValueHigh,ValueStdDev,ValueStdErr,Comments,EffectiveDate,EndDate,Status,AGEGROUP_FK,AGEGROUP_FK__CODE,Answer_FK,CauseGHE_FK,CauseGHE_FK__CODE,CauseGHEChild_FK,CauseGHEChild_FK__CODE,CauseENVCAUSE_FK,CauseENVCAUSE_FK__CODE,DatasourceLong,DatasourceShort,ImpSan_FK,ImpWater_FK,LivingArrangements_FK,MEASDEF_FK,MOTHEREDUCATION_FK,ProficiencyLevel_FK,ResideLTA_FK,RESIDENCEAREA_FK,SABDefinition_FK,SEVERITY_FK,SEVERITYHEARING_FK,SEVERITYVISION_FK,SEX_FK,WEALTHQUINTILE_FK | D42: NA | E42: NA | F42: TRUE | G42: slideset.Rmd | H42: aging | I42: TRUE | J42: =IF(OR(IF(ISERROR(VLOOKUP($C42,PNGs!J:J,1,FALSE)),FALSE,TRUE),IF(ISERROR(VLOOKUP($C42,PNGs!K:K,1,FALSE)),FALSE,TRUE),IF(ISERROR(VLOOKUP($C42,PNGs!L:L,1,FALSE)),FALSE,TRUE)), TRUE,FALSE) -> FALSE | K42: https://xmart-api-public.who.int/MNCAH/MCA_FACT_DATA?$filter=INDICATOR_FK%20in%20(%22AGE_OBESITY%22,%22AGE_INSUFACT%22,%22AGE_RESIDE%22,%22AGE_LABOUR%22)&$select=INDICATOR_FK,YEAR_FK,COUNTRY_FK,COUNTRY_FK__CODE,ValueString,ValueNumeric,ValueLow,ValueHigh,ValueStdDev,ValueStdErr,Comments,EffectiveDate,EndDate,Status,AGEGROUP_FK,AGEGROUP_FK__CODE,Answer_FK,CauseGHE_FK,CauseGHE_FK__CODE,CauseGHEChild_FK,CauseGHEChild_FK__CODE,CauseENVCAUSE_FK,CauseENVCAUSE_FK__CODE,DatasourceLong,DatasourceShort,ImpSan_FK,ImpWater_FK,LivingArrangements_FK,MEASDEF_FK,MOTHEREDUCATION_FK,ProficiencyLevel_FK,ResideLTA_FK,RESIDENCEAREA_FK,SABDefinition_FK,SEVERITY_FK,SEVERITYHEARING_FK,SEVERITYVISION_FK,SEX_FK,WEALTHQUINTILE_FK | N42: see "#25.0"
A43: Good | B43: 25.6 | C43: https://xmart-api-public.who.int/MNCAH/MCA_FACT_DATA?$filter=INDICATOR_FK%20in%20(%22AGE_RESIDELTA%22,%22AGE_FALL%22)&$select=INDICATOR_FK,YEAR_FK,COUNTRY_FK,COUNTRY_FK__CODE,ValueString,ValueNumeric,ValueLow,ValueHigh,ValueStdDev,ValueStdErr,Comments,EffectiveDate,EndDate,Status,AGEGROUP_FK,AGEGROUP_FK__CODE,Answer_FK,CauseGHE_FK,CauseGHE_FK__CODE,CauseGHEChild_FK,CauseGHEChild_FK__CODE,CauseENVCAUSE_FK,CauseENVCAUSE_FK__CODE,DatasourceLong,DatasourceShort,ImpSan_FK,ImpWater_FK,LivingArrangements_FK,MEASDEF_FK,MOTHEREDUCATION_FK,ProficiencyLevel_FK,ResideLTA_FK,RESIDENCEAREA_FK,SABDefinition_FK,SEVERITY_FK,SEVERITYHEARING_FK,SEVERITYVISION_FK,SEX_FK,WEALTHQUINTILE_FK | D43: NA | E43: NA | F43: TRUE | G43: slideset.Rmd | H43: aging | I43: TRUE | J43: =IF(OR(IF(ISERROR(VLOOKUP($C43,PNGs!J:J,1,FALSE)),FALSE,TRUE),IF(ISERROR(VLOOKUP($C43,PNGs!K:K,1,FALSE)),FALSE,TRUE),IF(ISERROR(VLOOKUP($C43,PNGs!L:L,1,FALSE)),FALSE,TRUE)), TRUE,FALSE) -> FALSE | K43: https://xmart-api-public.who.int/MNCAH/MCA_FACT_DATA?$filter=INDICATOR_FK%20in%20(%22AGE_RESIDELTA%22,%22AGE_FALL%22)&$select=INDICATOR_FK,YEAR_FK,COUNTRY_FK,COUNTRY_FK__CODE,ValueString,ValueNumeric,ValueLow,ValueHigh,ValueStdDev,ValueStdErr,Comments,EffectiveDate,EndDate,Status,AGEGROUP_FK,AGEGROUP_FK__CODE,Answer_FK,CauseGHE_FK,CauseGHE_FK__CODE,CauseGHEChild_FK,CauseGHEChild_FK__CODE,CauseENVCAUSE_FK,CauseENVCAUSE_FK__CODE,DatasourceLong,DatasourceShort,ImpSan_FK,ImpWater_FK,LivingArrangements_FK,MEASDEF_FK,MOTHEREDUCATION_FK,ProficiencyLevel_FK,ResideLTA_FK,RESIDENCEAREA_FK,SABDefinition_FK,SEVERITY_FK,SEVERITYHEARING_FK,SEVERITYVISION_FK,SEX_FK,WEALTHQUINTILE_FK | N43: see "#25.0"
A44: Good | B44: 25.7 | C44: https://xmart-api-public.who.int/MNCAH/MCA_FACT_DATA?$filter=INDICATOR_FK%20in%20(%22AGE_BACKPAIN%22,%22AGE_AGEIST%22,%22AGE_ABUSE%22)&$select=INDICATOR_FK,YEAR_FK,COUNTRY_FK,COUNTRY_FK__CODE,ValueString,ValueNumeric,ValueLow,ValueHigh,ValueStdDev,ValueStdErr,Comments,EffectiveDate,EndDate,Status,AGEGROUP_FK,AGEGROUP_FK__CODE,Answer_FK,CauseGHE_FK,CauseGHE_FK__CODE,CauseGHEChild_FK,CauseGHEChild_FK__CODE,CauseENVCAUSE_FK,CauseENVCAUSE_FK__CODE,DatasourceLong,DatasourceShort,ImpSan_FK,ImpWater_FK,LivingArrangements_FK,MEASDEF_FK,MOTHEREDUCATION_FK,ProficiencyLevel_FK,ResideLTA_FK,RESIDENCEAREA_FK,SABDefinition_FK,SEVERITY_FK,SEVERITYHEARING_FK,SEVERITYVISION_FK,SEX_FK,WEALTHQUINTILE_FK | D44: NA | E44: NA | F44: TRUE | G44: slideset.Rmd | H44: aging | I44: TRUE | J44: =IF(OR(IF(ISERROR(VLOOKUP($C44,PNGs!J:J,1,FALSE)),FALSE,TRUE),IF(ISERROR(VLOOKUP($C44,PNGs!K:K,1,FALSE)),FALSE,TRUE),IF(ISERROR(VLOOKUP($C44,PNGs!L:L,1,FALSE)),FALSE,TRUE)), TRUE,FALSE) -> FALSE | K44: https://xmart-api-public.who.int/MNCAH/MCA_FACT_DATA?$filter=INDICATOR_FK%20in%20(%22AGE_BACKPAIN%22,%22AGE_AGEIST%22,%22AGE_ABUSE%22)&$select=INDICATOR_FK,YEAR_FK,COUNTRY_FK,COUNTRY_FK__CODE,ValueString,ValueNumeric,ValueLow,ValueHigh,ValueStdDev,ValueStdErr,Comments,EffectiveDate,EndDate,Status,AGEGROUP_FK,AGEGROUP_FK__CODE,Answer_FK,CauseGHE_FK,CauseGHE_FK__CODE,CauseGHEChild_FK,CauseGHEChild_FK__CODE,CauseENVCAUSE_FK,CauseENVCAUSE_FK__CODE,DatasourceLong,DatasourceShort,ImpSan_FK,ImpWater_FK,LivingArrangements_FK,MEASDEF_FK,MOTHEREDUCATION_FK,ProficiencyLevel_FK,ResideLTA_FK,RESIDENCEAREA_FK,SABDefinition_FK,SEVERITY_FK,SEVERITYHEARING_FK,SEVERITYVISION_FK,SEX_FK,WEALTHQUINTILE_FK | N44: see "#25.0"
A45: Good | B45: 23.1 | C45: https://ghoapi.azureedge.net/api/ors | D45: NA | E45: NA | F45: TRUE | G45: slideset.Rmd | H45: equity | I45: TRUE | J45: =IF(OR(IF(ISERROR(VLOOKUP($C45,PNGs!J:J,1,FALSE)),FALSE,TRUE),IF(ISERROR(VLOOKUP($C45,PNGs!K:K,1,FALSE)),FALSE,TRUE),IF(ISERROR(VLOOKUP($C45,PNGs!L:L,1,FALSE)),FALSE,TRUE)), TRUE,FALSE) -> TRUE | K45: https://ghoapi.azureedge.net/api/ors | N45: Appear in slides: inequalities_ors85_decile_gho.png inequalities_ors98_edu_gho.png inequalities_ors97_resid_gho.png inequalities_ors91_subnatRegion_gho.png
A46: Good | B46: 23.2 | C46: https://ghoapi.azureedge.net/api/carep | D46: NA | E46: NA | F46: TRUE | G46: slideset.Rmd | H46: equity | I46: TRUE | J46: =IF(OR(IF(ISERROR(VLOOKUP($C46,PNGs!J:J,1,FALSE)),FALSE,TRUE),IF(ISERROR(VLOOKUP($C46,PNGs!K:K,1,FALSE)),FALSE,TRUE),IF(ISERROR(VLOOKUP($C46,PNGs!L:L,1,FALSE)),FALSE,TRUE)), TRUE,FALSE) -> TRUE | K46: https://ghoapi.azureedge.net/api/carep | N46: Appear in slides: inequalities_carep76_decile_gho.png inequalities_carep94_edu_gho.png inequalities_carep94_resid_gho.png inequalities_carep83_subnatRegion_gho.png
A47: Issue | B47: 15.1 | C47: Cause_specific_ranking_AllYears.csv | D47: data/raw | E47: TRUE | F47: TRUE | G47: cause_specific_convert.R | H47: NA | I47: FALSE? | J47: TRUE | K47: cause specific data from regina. dta file was huge so converted to csv in stata and then to parquet in this script: cause_specific_convert.R | N47: See notes from Cause_specific_ranking_AllYears.parquet
A48: Issue | B48: 8 | C48: child_cod_2000_2019_reshape.csv | D48: data/raw/ | E48: TRUE | F48: TRUE | G48: slideset.Rmd | H48: neo-cod-mcee19 | I48: FALSE? | J48: =IF(OR(IF(ISERROR(VLOOKUP($C48,PNGs!J:J,1,FALSE)),FALSE,TRUE),IF(ISERROR(VLOOKUP($C48,PNGs!K:K,1,FALSE)),FALSE,TRUE),IF(ISERROR(VLOOKUP($C48,PNGs!L:L,1,FALSE)),FALSE,TRUE)), TRUE,FALSE) -> TRUE | K48: ? | L48: KATE? | N48: Not in github and no source listed. Is this not in use? Don't appear in slides: Neonatal_CauseDeath_pie_MCEE19_nolab.png Neonatal_CauseDeath_stackBar_MCEE19.png
A49: Issue | B49: 17 | C49: PolicySurvey_All.labels.xlsx | D49: data/raw/ | E49: TRUE | F49: TRUE | G49: slideset.Rmd | H49: mpdsr | I49: TRUE | J49: =IF(OR(IF(ISERROR(VLOOKUP($C49,PNGs!J:J,1,FALSE)),FALSE,TRUE),IF(ISERROR(VLOOKUP($C49,PNGs!K:K,1,FALSE)),FALSE,TRUE),IF(ISERROR(VLOOKUP($C49,PNGs!L:L,1,FALSE)),FALSE,TRUE)), TRUE,FALSE) -> TRUE | K49: SRMNCAH Policy Survey | L49: SRMNCAH Policy Survey | N49: I supsect that this is 2018-2019 policy survey and not 2023. Why is that? Doesn't appear in slides: mpdsr_policy.png is created in code but not used in slides. Appear in slides: mpdsr_policy_MN_54.png is created in code and used in slides. mpdsr_policy_MN_55.png is created in code and used in slides.
A50: Issue | B50: 16 | C50: childcod_estimates_2000_2016.xls | D50: data/raw/ | E50: TRUE | F50: TRUE | G50: slideset.Rmd | H50: child-cod | I50: FALSE? | J50: =IF(OR(IF(ISERROR(VLOOKUP($C50,PNGs!J:J,1,FALSE)),FALSE,TRUE),IF(ISERROR(VLOOKUP($C50,PNGs!K:K,1,FALSE)),FALSE,TRUE),IF(ISERROR(VLOOKUP($C50,PNGs!L:L,1,FALSE)),FALSE,TRUE)), TRUE,FALSE) -> FALSE | K50: MCEE estimates last updated Feb 2018 | L50: CODE-CA | N50: Chunk "child-cod" creates "childcod_estimates_2000_2016" but then it doesn't seem to use them to generate pngs.
A51: Good | B51: 25.99 | C51: https://xmart-api-public.who.int/MNCAH/MCA_FACT_DATA?$filter=INDICATOR_FK%20in%20(%22AC_ANEMIAPW%22,%22AC_ANEMIAWRA%22,%22BC_LBW%22)&$select=INDICATOR_FK,YEAR_FK,COUNTRY_FK,COUNTRY_FK__CODE,ValueNumeric,ValueLow,ValueHigh,ValueStdDev,ValueStdErr,Comments,AGEGROUP_FK,Answer_FK,CauseGHE_FK,CauseGHEChild_FK,CauseENVCAUSE_FK,DatasourceLong,DatasourceShort,ImpSan_FK,ImpWater_FK,LivingArrangements_FK,MEASDEF_FK,MOTHEREDUCATION_FK,ProficiencyLevel_FK,ResideLTA_FK,RESIDENCEAREA_FK,SABDefinition_FK,SEVERITY_FK,SEVERITYHEARING_FK,SEVERITYVISION_FK,SEX_FK,WEALTHQUINTILE_FK | D51: NA | E51: NA | F51: TRUE | G51: slideset.Rmd | H51: aging | I51: TRUE | J51: =IF(OR(IF(ISERROR(VLOOKUP($C51,PNGs!J:J,1,FALSE)),FALSE,TRUE),IF(ISERROR(VLOOKUP($C51,PNGs!K:K,1,FALSE)),FALSE,TRUE),IF(ISERROR(VLOOKUP($C51,PNGs!L:L,1,FALSE)),FALSE,TRUE)), TRUE,FALSE) -> FALSE | K51: https://xmart-api-public.who.int/MNCAH/MCA_FACT_DATA?$filter=INDICATOR_FK%20in%20(%22AC_ANEMIAPW%22,%22AC_ANEMIAWRA%22,%22BC_LBW%22)&$select=INDICATOR_FK,YEAR_FK,COUNTRY_FK,COUNTRY_FK__CODE,ValueNumeric,ValueLow,ValueHigh,ValueStdDev,ValueStdErr,Comments,AGEGROUP_FK,Answer_FK,CauseGHE_FK,CauseGHEChild_FK,CauseENVCAUSE_FK,DatasourceLong,DatasourceShort,ImpSan_FK,ImpWater_FK,LivingArrangements_FK,MEASDEF_FK,MOTHEREDUCATION_FK,ProficiencyLevel_FK,ResideLTA_FK,RESIDENCEAREA_FK,SABDefinition_FK,SEVERITY_FK,SEVERITYHEARING_FK,SEVERITYVISION_FK,SEX_FK,WEALTHQUINTILE_FK | N51: This isn't really in the code. I just made it up to summarize the Ageing API calls.
A52: Issue | B52: 13 | C52: GHO_maternalMMR_2000_2017_regionalGlobal.csv | D52: data/raw/ | E52: TRUE | F52: TRUE | G52: slideset.Rmd | H52: maternal-mort | I52: FALSE? | J52: =IF(OR(IF(ISERROR(VLOOKUP($C52,PNGs!J:J,1,FALSE)),FALSE,TRUE),IF(ISERROR(VLOOKUP($C52,PNGs!K:K,1,FALSE)),FALSE,TRUE),IF(ISERROR(VLOOKUP($C52,PNGs!L:L,1,FALSE)),FALSE,TRUE)), TRUE,FALSE) -> TRUE | K52: ? | N52: Not in github and no source listed. Is this not in use? Don't appear in slides: Maternal_numDeaths_trends2000-2017_dim1.png Maternal_numDeaths_trends2000-2017_dim2.png Maternal_MMR_trends2000-2017_dim1.png Maternal_MMR_trends2000-2017_dim2.png Maternal_ratio_trends2000-2030_sdgtargets.png
A53: Good | B53: 27 | C53: https://xmart-api-public.who.int/MNCAH/MCA_FACT_DATA_AGGREGATED?%24filter=AGEGROUP_FK%20in%20(%22AGE60Y-PLUS%22)%20and%20INDICATOR_FK%20in%20(%22AGE_MORT_TOP20%22)%20and%20SEX_FK%20in%20(%22BTSX%22)&%24select=INDICATOR_FK,GLOBAL_FK,REGION_FK,SDGRegion_FK,WORLDBANKINCOMEGROUP_FK,YEAR_FK,ValueString,ValueNumeric,ValueLow,ValueHigh,ValueStdDev,ValueStdErr,Comments,EffectiveDate,EndDate,Status,AGEGROUP_FK,AGEGROUP_FK__CODE,Answer_FK,CauseGHE_FK,CauseGHE_FK__CODE,CauseGHEChild_FK,CauseGHEChild_FK__CODE,CauseENVCAUSE_FK,CauseENVCAUSE_FK__CODE,DatasourceLong,DatasourceShort,ImpSan_FK,ImpWater_FK,LivingArrangements_FK,MEASDEF_FK,MOTHEREDUCATION_FK,ProficiencyLevel_FK,ResideLTA_FK,RESIDENCEAREA_FK,SABDefinition_FK,SEVERITY_FK,SEVERITYHEARING_FK,SEVERITYVISION_FK,SEX_FK,WEALTHQUINTILE_FK | D53: NA | E53: NA | F53: TRUE | G53: slideset.Rmd | H53: aging_cod | I53: TRUE | J53: =IF(OR(IF(ISERROR(VLOOKUP($C53,PNGs!J:J,1,FALSE)),FALSE,TRUE),IF(ISERROR(VLOOKUP($C53,PNGs!K:K,1,FALSE)),FALSE,TRUE),IF(ISERROR(VLOOKUP($C53,PNGs!L:L,1,FALSE)),FALSE,TRUE)), TRUE,FALSE) -> FALSE | K53: https://xmart-api-public.who.int/MNCAH/MCA_FACT_DATA_AGGREGATED?%24filter=AGEGROUP_FK%20in%20(%22AGE60Y-PLUS%22)%20and%20INDICATOR_FK%20in%20(%22AGE_MORT_TOP20%22)%20and%20SEX_FK%20in%20(%22BTSX%22)&%24select=INDICATOR_FK,GLOBAL_FK,REGION_FK,SDGRegion_FK,WORLDBANKINCOMEGROUP_FK,YEAR_FK,ValueString,ValueNumeric,ValueLow,ValueHigh,ValueStdDev,ValueStdErr,Comments,EffectiveDate,EndDate,Status,AGEGROUP_FK,AGEGROUP_FK__CODE,Answer_FK,CauseGHE_FK,CauseGHE_FK__CODE,CauseGHEChild_FK,CauseGHEChild_FK__CODE,CauseENVCAUSE_FK,CauseENVCAUSE_FK__CODE,DatasourceLong,DatasourceShort,ImpSan_FK,ImpWater_FK,LivingArrangements_FK,MEASDEF_FK,MOTHEREDUCATION_FK,ProficiencyLevel_FK,ResideLTA_FK,RESIDENCEAREA_FK,SABDefinition_FK,SEVERITY_FK,SEVERITYHEARING_FK,SEVERITYVISION_FK,SEX_FK,WEALTHQUINTILE_FK | N53: Don't appear in slides: aging_cod60_global_ranks.png aging_cod60_global_ranks_00-19.png aging_cod60_income_ranks.png aging_cod60_income_ranks_simplified.png aging_cod60_global_rate.png Appear in slides: aging_cod60_global_ranks_00-19simplified.png aging_cod60_income_ranks_simplified_narrow.png
A54: Good | B54: 27.1 | C54: age_mort.rds | D54: data/ | E54: TRUE | F54: TRUE | G54: slideset.Rmd | H54: aging_cod | I54: TRUE | J54: =IF(OR(IF(ISERROR(VLOOKUP($C54,PNGs!J:J,1,FALSE)),FALSE,TRUE),IF(ISERROR(VLOOKUP($C54,PNGs!K:K,1,FALSE)),FALSE,TRUE),IF(ISERROR(VLOOKUP($C54,PNGs!L:L,1,FALSE)),FALSE,TRUE)), TRUE,FALSE) -> FALSE | K54: https://xmart-api-public.who.int/MNCAH/MCA_FACT_DATA_AGGREGATED?%24filter=AGEGROUP_FK%20in%20(%22AGE60Y-PLUS%22)%20and%20INDICATOR_FK%20in%20(%22AGE_MORT_TOP20%22)%20and%20SEX_FK%20in%20(%22BTSX%22)&%24select=INDICATOR_FK,GLOBAL_FK,REGION_FK,SDGRegion_FK,WORLDBANKINCOMEGROUP_FK,YEAR_FK,ValueString,ValueNumeric,ValueLow,ValueHigh,ValueStdDev,ValueStdErr,Comments,EffectiveDate,EndDate,Status,AGEGROUP_FK,AGEGROUP_FK__CODE,Answer_FK,CauseGHE_FK,CauseGHE_FK__CODE,CauseGHEChild_FK,CauseGHEChild_FK__CODE,CauseENVCAUSE_FK,CauseENVCAUSE_FK__CODE,DatasourceLong,DatasourceShort,ImpSan_FK,ImpWater_FK,LivingArrangements_FK,MEASDEF_FK,MOTHEREDUCATION_FK,ProficiencyLevel_FK,ResideLTA_FK,RESIDENCEAREA_FK,SABDefinition_FK,SEVERITY_FK,SEVERITYHEARING_FK,SEVERITYVISION_FK,SEX_FK,WEALTHQUINTILE_FK | N54: see "#27.0"
A55: Good | B55: 27.2 | C55: cod_ref.rds | D55: data/ | E55: TRUE | F55: TRUE | G55: slideset.Rmd | H55: aging_cod | I55: TRUE | J55: =IF(OR(IF(ISERROR(VLOOKUP($C55,PNGs!J:J,1,FALSE)),FALSE,TRUE),IF(ISERROR(VLOOKUP($C55,PNGs!K:K,1,FALSE)),FALSE,TRUE),IF(ISERROR(VLOOKUP($C55,PNGs!L:L,1,FALSE)),FALSE,TRUE)), TRUE,FALSE) -> FALSE | K55: https://xmart-api-public.who.int/MNCAH/REF_CauseGHE | N55: see "#27.0"
A56: Issue | B56: 15.2 | C56: Cause_specific_ranking_AllYears.parquet | D56: data/raw/ | E56: TRUE | F56: TRUE | G56: slideset.Rmd | H56: adol-yll-yld-causeSpecific | I56: FALSE? | J56: =IF(OR(IF(ISERROR(VLOOKUP($C56,PNGs!J:J,1,FALSE)),FALSE,TRUE),IF(ISERROR(VLOOKUP($C56,PNGs!K:K,1,FALSE)),FALSE,TRUE),IF(ISERROR(VLOOKUP($C56,PNGs!L:L,1,FALSE)),FALSE,TRUE)), TRUE,FALSE) -> TRUE | K56: cause specific data from regina.dta file was huge so converted to csv in stata and then to parquet in this script: cause_specific_convert.R | N56: Where did Regina get them from? Chunks "adol-yll-yld-causeSpecific" & "regional-trends-deaths" & "lmic-trends-deaths" & "regional-trends-yld" & "lmic-trends-yld" generate the pngs below that all include 2019 in png name, none of which appear in the slideset. Doesn't appear in slides: causeYLL-10-19_global2019.png causedeaths_males-10-19_regional2019.png causedeaths_females-10-19_regional2019.png causedeaths_males-10-19_income2019.png causedeaths_females-10-19_income2019.png causeSpec-rates-10-19_global.png Cause_specific_2000.2019_10.14ym_top5.png Cause_specific_2000.2019_15.19ym_top5.png Cause_specific_2000.2019_10.14yf_top5.png Cause_specific_2000.2019_15.19yf_top5.png Cause_specificYLD_2000.2019_10.14ym_top5.png Cause_specificYLD_2000.2019_15.19ym_top5.png Cause_specificYLD_2000.2019_10.14yf_top5.png Cause_specificYLD_2000.2019_15.19yf_top5.png Cause_specific_2000.2019_10.14ym_top5_regional.png Cause_specific_2000.2019_15.19ym_top5_regional.png Cause_specific_2000.2019_10.14yf_top5_region.png Cause_specific_2000.2019_15.19yf_top5_region.png Cause_specific_2000.2019_10.14ym_top5_income.png Cause_specific_2000.2019_15.19ym_top5_income.png Cause_specific_2000.2019_10.14yf_top5_income.png Cause_specific_2000.2019_15.19yf_top5_income.png Cause_specificYLD_2000.2019_10.14ym_top5_regional.png Cause_specificYLD_2000.2019_15.19ym_top5_regional.png Cause_specificYLD_2000.2019_10.14yf_top5_regional.png Cause_specificYLD_2000.2019_15.19yf_top5_regional.png Cause_specificYLD_2000.2019_10.14ym_top5_income.png Cause_specificYLD_2000.2019_15.19ym_top5_income.png Cause_specificYLD_2000.2019_10.14yf_top5_income.png Cause_specificYLD_2000.2019_15.19yf_top5_income.png
A57: Good | B57: 28.1 | C57: age_yld.rds | D57: data/ | E57: TRUE | F57: TRUE | G57: slideset.Rmd | H57: age_yld | I57: TRUE | J57: =IF(OR(IF(ISERROR(VLOOKUP($C57,PNGs!J:J,1,FALSE)),FALSE,TRUE),IF(ISERROR(VLOOKUP($C57,PNGs!K:K,1,FALSE)),FALSE,TRUE),IF(ISERROR(VLOOKUP($C57,PNGs!L:L,1,FALSE)),FALSE,TRUE)), TRUE,FALSE) -> FALSE | K57: https://xmart-api-public.who.int/MNCAH/MCA_FACT_DATA_AGGREGATED?$filter=INDICATOR_FK%20in%20(%22AGE_YLD%22)%20and%20SEX_FK%20in%20(%22BTSX%22) | N57: see "#28.0"
A58: Good | B58: 26 | C58: undesa_pd_2022_living-arrangements-older-persons.csv | D58: data/external | E58: TRUE | F58: TRUE | G58: slideset.Rmd | H58: age-living-arrangments | I58: FALSE? | J58: =IF(OR(IF(ISERROR(VLOOKUP($C58,PNGs!J:J,1,FALSE)),FALSE,TRUE),IF(ISERROR(VLOOKUP($C58,PNGs!K:K,1,FALSE)),FALSE,TRUE),IF(ISERROR(VLOOKUP($C58,PNGs!L:L,1,FALSE)),FALSE,TRUE)), TRUE,FALSE) -> TRUE | K58: https://www.un.org/development/desa/pd/sites/www.un.org.development.desa.pd/files/undesa_pd_2022_living-arrangements-older-persons.xlsx | N58: Not in github but I downloaded and added. Don't appear in slides: age_reside60_2010-21_country_undesa_full.png age_reside60_2010-21_country_undesa_sear_emr_afr_wpr.png age_reside80_2010-21_country_undesa_full.png age_reside80_2010-21_country_undesa_sear_emr_afr_wpr Appear in slides: age_reside60_2010-21_country_undesa_amr_eur.png age_reside80_2010-21_country_undesa_amr_eur.png
A59: Issue | B59: 29 | C59: adol-cod.xlsx | D59: data/ | E59: TRUE | F59: TRUE | G59: slideset.Rmd | H59: updated-adol-mort | I59: FALSE? | J59: =IF(OR(IF(ISERROR(VLOOKUP($C59,PNGs!J:J,1,FALSE)),FALSE,TRUE),IF(ISERROR(VLOOKUP($C59,PNGs!K:K,1,FALSE)),FALSE,TRUE),IF(ISERROR(VLOOKUP($C59,PNGs!L:L,1,FALSE)),FALSE,TRUE)), TRUE,FALSE) -> FALSE | K59: AD_MORT_TOP5 | L59: MCA | N59: Chunk "updated-adol-mort" creates "adol_cod" but it doesn't seem to get used
A60: Good | B60: 28 | C60: https://xmart-api-public.who.int/MNCAH/MCA_FACT_DATA_AGGREGATED?$filter=INDICATOR_FK%20in%20(%22AGE_YLD%22)%20and%20SEX_FK%20in%20(%22BTSX%22) | D60: NA | E60: NA | F60: TRUE | G60: slideset.Rmd | H60: age_yld | I60: TRUE | J60: =IF(OR(IF(ISERROR(VLOOKUP($C60,PNGs!J:J,1,FALSE)),FALSE,TRUE),IF(ISERROR(VLOOKUP($C60,PNGs!K:K,1,FALSE)),FALSE,TRUE),IF(ISERROR(VLOOKUP($C60,PNGs!L:L,1,FALSE)),FALSE,TRUE)), TRUE,FALSE) -> TRUE | K60: https://xmart-api-public.who.int/MNCAH/MCA_FACT_DATA_AGGREGATED?$filter=INDICATOR_FK%20in%20(%22AGE_YLD%22)%20and%20SEX_FK%20in%20(%22BTSX%22) | L60: MCA | N60: Don't appear in slides: aging_yld_global_ranks.png aging_yld_global_ranks_simplified.png Chunk "age_yld" has section "## region" that prepares plots that don't have any png outputs. Appears in slides: aging_yld_global_ranks_simplified_grouped.png
A61: Issue | B61: 19 | C61: https://xmart-api-public.who.int/MNCAH/MCA_FACT_DATA?$filter=INDICATOR_FK%20in%20(%22AC_ANEMIAPW%22,%22AC_ANEMIAWRA%22,%22BC_LBW%22)&$select=INDICATOR_FK,YEAR_FK,COUNTRY_FK,COUNTRY_FK__CODE,ValueNumeric,ValueLow,ValueHigh,ValueStdDev,ValueStdErr,Comments,AGEGROUP_FK,Answer_FK,CauseGHE_FK,CauseGHEChild_FK,CauseENVCAUSE_FK,DatasourceLong,DatasourceShort,ImpSan_FK,ImpWater_FK,LivingArrangements_FK,MEASDEF_FK,MOTHEREDUCATION_FK,ProficiencyLevel_FK,ResideLTA_FK,RESIDENCEAREA_FK,SABDefinition_FK,SEVERITY_FK,SEVERITYHEARING_FK,SEVERITYVISION_FK,SEX_FK,WEALTHQUINTILE_FK | D61: NA | E61: NA | F61: TRUE | G61: slideset.Rmd | H61: mnh_riskfactors | I61: FALSE? | J61: =IF(OR(IF(ISERROR(VLOOKUP($C61,PNGs!J:J,1,FALSE)),FALSE,TRUE),IF(ISERROR(VLOOKUP($C61,PNGs!K:K,1,FALSE)),FALSE,TRUE),IF(ISERROR(VLOOKUP($C61,PNGs!L:L,1,FALSE)),FALSE,TRUE)), TRUE,FALSE) -> FALSE | K61: https://xmart-api-public.who.int/MNCAH/MCA_FACT_DATA?$filter=INDICATOR_FK%20in%20(%22AC_ANEMIAPW%22,%22AC_ANEMIAWRA%22,%22BC_LBW%22)&$select=INDICATOR_FK,YEAR_FK,COUNTRY_FK,COUNTRY_FK__CODE,ValueNumeric,ValueLow,ValueHigh,ValueStdDev,ValueStdErr,Comments,AGEGROUP_FK,Answer_FK,CauseGHE_FK,CauseGHEChild_FK,CauseENVCAUSE_FK,DatasourceLong,DatasourceShort,ImpSan_FK,ImpWater_FK,LivingArrangements_FK,MEASDEF_FK,MOTHEREDUCATION_FK,ProficiencyLevel_FK,ResideLTA_FK,RESIDENCEAREA_FK,SABDefinition_FK,SEVERITY_FK,SEVERITYHEARING_FK,SEVERITYVISION_FK,SEX_FK,WEALTHQUINTILE_FK | N61: Is this not in use? Don't Appear in slides: LBW_region_popwtMean2015-2019.png LBW_region_Medians2015-2020.png AnaemiaPW_region_popwtMean2015-2019.png AnaemiaPW_region_Medians2015-2019.png
A62: Issue | B62: 29.3 | C62: adol-mort.xlsx | D62: data/ | E62: TRUE | F62: TRUE | G62: slideset.Rmd | H62: updated-adol-mort | I62: FALSE? | J62: =IF(OR(IF(ISERROR(VLOOKUP($C62,PNGs!J:J,1,FALSE)),FALSE,TRUE),IF(ISERROR(VLOOKUP($C62,PNGs!K:K,1,FALSE)),FALSE,TRUE),IF(ISERROR(VLOOKUP($C62,PNGs!L:L,1,FALSE)),FALSE,TRUE)), TRUE,FALSE) -> FALSE | K62: AD_MORT_ALL | N62: Chunk "updated-adol-mort" creates "adol_mort" but it doesn't seem to get used
A63: Issue | B63: 29.4 | C63: adol-mort-global.xlsx | D63: data/ | E63: TRUE | F63: TRUE | G63: slideset.Rmd | H63: updated-adol-mort | I63: FALSE? | J63: =IF(OR(IF(ISERROR(VLOOKUP($C63,PNGs!J:J,1,FALSE)),FALSE,TRUE),IF(ISERROR(VLOOKUP($C63,PNGs!K:K,1,FALSE)),FALSE,TRUE),IF(ISERROR(VLOOKUP($C63,PNGs!L:L,1,FALSE)),FALSE,TRUE)), TRUE,FALSE) -> FALSE | K63: AD_MORT_ALL | N63: Chunk "updated-adol-mort" creates "adol_mort_global" but it doesn't seem to get used
A64: Good | B64: 25.9 | C64: https://xmart-api-public.who.int/MNCAH/MCA_FACT_DATA_AGGREGATED?$filter=INDICATOR_FK%20in%20(%22AGE_ABUSE%22)%20and%20SEX_FK%20in%20(%22BTSX%22)&$select=INDICATOR_FK,GLOBAL_FK,REGION_FK,SDGRegion_FK,WORLDBANKINCOMEGROUP_FK,YEAR_FK,ValueString,ValueNumeric,ValueLow,ValueHigh,ValueStdDev,ValueStdErr,Comments,EffectiveDate,EndDate,Status,AGEGROUP_FK,AGEGROUP_FK__CODE,Answer_FK,CauseGHE_FK,CauseGHE_FK__CODE,CauseGHEChild_FK,CauseGHEChild_FK__CODE,CauseENVCAUSE_FK,CauseENVCAUSE_FK__CODE,DatasourceLong,DatasourceShort,ImpSan_FK,ImpWater_FK,LivingArrangements_FK,MEASDEF_FK,MOTHEREDUCATION_FK,ProficiencyLevel_FK,ResideLTA_FK,RESIDENCEAREA_FK,SABDefinition_FK,SEVERITY_FK,SEVERITYHEARING_FK,SEVERITYVISION_FK,SEX_FK,WEALTHQUINTILE_FK | D64: NA | E64: NA | F64: TRUE | G64: slideset.Rmd | H64: aging | I64: TRUE | J64: =IF(OR(IF(ISERROR(VLOOKUP($C64,PNGs!J:J,1,FALSE)),FALSE,TRUE),IF(ISERROR(VLOOKUP($C64,PNGs!K:K,1,FALSE)),FALSE,TRUE),IF(ISERROR(VLOOKUP($C64,PNGs!L:L,1,FALSE)),FALSE,TRUE)), TRUE,FALSE) -> FALSE | K64: https://xmart-api-public.who.int/MNCAH/MCA_FACT_DATA_AGGREGATED?$filter=INDICATOR_FK%20in%20(%22AGE_ABUSE%22)%20and%20SEX_FK%20in%20(%22BTSX%22)&$select=INDICATOR_FK,GLOBAL_FK,REGION_FK,SDGRegion_FK,WORLDBANKINCOMEGROUP_FK,YEAR_FK,ValueString,ValueNumeric,ValueLow,ValueHigh,ValueStdDev,ValueStdErr,Comments,EffectiveDate,EndDate,Status,AGEGROUP_FK,AGEGROUP_FK__CODE,Answer_FK,CauseGHE_FK,CauseGHE_FK__CODE,CauseGHEChild_FK,CauseGHEChild_FK__CODE,CauseENVCAUSE_FK,CauseENVCAUSE_FK__CODE,DatasourceLong,DatasourceShort,ImpSan_FK,ImpWater_FK,LivingArrangements_FK,MEASDEF_FK,MOTHEREDUCATION_FK,ProficiencyLevel_FK,ResideLTA_FK,RESIDENCEAREA_FK,SABDefinition_FK,SEVERITY_FK,SEVERITYHEARING_FK,SEVERITYVISION_FK,SEX_FK,WEALTHQUINTILE_FK | N64: Appears in slides: age_abuse_2015_region.png
A65: Issue | B65: 14 | C65: All cause_All years.dta | D65: data/raw/ | E65: TRUE | F65: TRUE | G65: slideset.Rmd | H65: adol-yll-yld-allCause | I65: FALSE? | J65: =IF(OR(IF(ISERROR(VLOOKUP($C65,PNGs!J:J,1,FALSE)),FALSE,TRUE),IF(ISERROR(VLOOKUP($C65,PNGs!K:K,1,FALSE)),FALSE,TRUE),IF(ISERROR(VLOOKUP($C65,PNGs!L:L,1,FALSE)),FALSE,TRUE)), TRUE,FALSE) -> TRUE | K65: data files from Regina | N65: Not in github. Where did Regina get them from? Is this not in use? Don't appear in slides: YLL-YLD-10-19_global.png YLL-YLD-10-19_region_males.png YLL-YLD-10-19_region_females.png mortRates_10-19_global.png yldrates_trends_10-19_global.png
A66: Issue | C66: Child-deaths-age-1-to-4_2020.xlsx | D66: data/external/UNICEF_LevelsTrends_2020 | E66: TRUE | F66: FALSE | I66: ? | J66: =IF(OR(IF(ISERROR(VLOOKUP($C66,PNGs!J:J,1,FALSE)),FALSE,TRUE),IF(ISERROR(VLOOKUP($C66,PNGs!K:K,1,FALSE)),FALSE,TRUE),IF(ISERROR(VLOOKUP($C66,PNGs!L:L,1,FALSE)),FALSE,TRUE)), TRUE,FALSE) -> FALSE | K66: ? | N66: Appears in data folder, but doesn't appear in code anywhere
A67: Issue | C67: Child-mortality-rate-age-1-4_2020.xlsx | D67: data/external/UNICEF_LevelsTrends_2021 | E67: TRUE | F67: FALSE | I67: ? | J67: =IF(OR(IF(ISERROR(VLOOKUP($C67,PNGs!J:J,1,FALSE)),FALSE,TRUE),IF(ISERROR(VLOOKUP($C67,PNGs!K:K,1,FALSE)),FALSE,TRUE),IF(ISERROR(VLOOKUP($C67,PNGs!L:L,1,FALSE)),FALSE,TRUE)), TRUE,FALSE) -> FALSE | K67: ? | N67: Appears in data folder, but doesn't appear in code anywhere
A68: Issue | C68: Data dictionary_causeSpecific_allCause.xlsx | D68: data/raw/ | E68: TRUE | F68: FALSE | I68: ? | J68: =IF(OR(IF(ISERROR(VLOOKUP($C68,PNGs!J:J,1,FALSE)),FALSE,TRUE),IF(ISERROR(VLOOKUP($C68,PNGs!K:K,1,FALSE)),FALSE,TRUE),IF(ISERROR(VLOOKUP($C68,PNGs!L:L,1,FALSE)),FALSE,TRUE)), TRUE,FALSE) -> FALSE | K68: ? | N68: Appears in data folder, but doesn't appear in code anywhere
A69: Issue | C69: Infant-deaths_2020.xlsx | D69: data/external/UNICEF_LevelsTrends_2022 | E69: TRUE | F69: FALSE | I69: ? | J69: =IF(OR(IF(ISERROR(VLOOKUP($C69,PNGs!J:J,1,FALSE)),FALSE,TRUE),IF(ISERROR(VLOOKUP($C69,PNGs!K:K,1,FALSE)),FALSE,TRUE),IF(ISERROR(VLOOKUP($C69,PNGs!L:L,1,FALSE)),FALSE,TRUE)), TRUE,FALSE) -> FALSE | K69: ? | N69: Appears in data folder, but doesn't appear in code anywhere
A70: Issue | C70: Infant-mortality-rate_2020.xlsx | D70: data/external/UNICEF_LevelsTrends_2023 | E70: TRUE | F70: FALSE | I70: ? | J70: =IF(OR(IF(ISERROR(VLOOKUP($C70,PNGs!J:J,1,FALSE)),FALSE,TRUE),IF(ISERROR(VLOOKUP($C70,PNGs!K:K,1,FALSE)),FALSE,TRUE),IF(ISERROR(VLOOKUP($C70,PNGs!L:L,1,FALSE)),FALSE,TRUE)), TRUE,FALSE) -> FALSE | K70: ? | N70: Appears in data folder, but doesn't appear in code anywhere
A71: Issue | C71: Neonatal-deaths_2020.xlsx | D71: data/external/UNICEF_LevelsTrends_2024 | E71: TRUE | F71: FALSE | I71: ? | J71: =IF(OR(IF(ISERROR(VLOOKUP($C71,PNGs!J:J,1,FALSE)),FALSE,TRUE),IF(ISERROR(VLOOKUP($C71,PNGs!K:K,1,FALSE)),FALSE,TRUE),IF(ISERROR(VLOOKUP($C71,PNGs!L:L,1,FALSE)),FALSE,TRUE)), TRUE,FALSE) -> FALSE | K71: ? | N71: Appears in data folder, but doesn't appear in code anywhere
A72: Issue | C72: Neonatal-mortality-rate_2020.xlsx | D72: data/external/UNICEF_LevelsTrends_2025 | E72: TRUE | F72: FALSE | I72: ? | J72: =IF(OR(IF(ISERROR(VLOOKUP($C72,PNGs!J:J,1,FALSE)),FALSE,TRUE),IF(ISERROR(VLOOKUP($C72,PNGs!K:K,1,FALSE)),FALSE,TRUE),IF(ISERROR(VLOOKUP($C72,PNGs!L:L,1,FALSE)),FALSE,TRUE)), TRUE,FALSE) -> FALSE | K72: ? | N72: Appears in data folder, but doesn't appear in code anywhere
A73: Issue | C73: Under-five-deaths_2020.xlsx | D73: data/external/UNICEF_LevelsTrends_2026 | E73: TRUE | F73: FALSE | I73: ? | J73: =IF(OR(IF(ISERROR(VLOOKUP($C73,PNGs!J:J,1,FALSE)),FALSE,TRUE),IF(ISERROR(VLOOKUP($C73,PNGs!K:K,1,FALSE)),FALSE,TRUE),IF(ISERROR(VLOOKUP($C73,PNGs!L:L,1,FALSE)),FALSE,TRUE)), TRUE,FALSE) -> FALSE | K73: ? | N73: Appears in data folder, but doesn't appear in code anywhere
A74: Issue | C74: Under-five-mortality-rate_2020.xlsx | D74: data/external/UNICEF_LevelsTrends_2027 | E74: TRUE | F74: FALSE | I74: ? | J74: =IF(OR(IF(ISERROR(VLOOKUP($C74,PNGs!J:J,1,FALSE)),FALSE,TRUE),IF(ISERROR(VLOOKUP($C74,PNGs!K:K,1,FALSE)),FALSE,TRUE),IF(ISERROR(VLOOKUP($C74,PNGs!L:L,1,FALSE)),FALSE,TRUE)), TRUE,FALSE) -> FALSE | K74: ? | N74: Appears in data folder, but doesn't appear in code anywhere

Sheet PNGs
A1: code "order" | B1: PNG File name | C1: Present in Slides? | D1: Present in R code? | E1: IGME problem? | F1: GHE problem? | G1: Other data issue? | H1: R code file | I1: R code chunk | J1: Data source 1 | K1: Data source 2 | L1: Data source 3 | M1: Comment
A2: 0 | B2: NA | C2: NA | D2: NA | E2: =INDEX('Slides+PNGs'!$H:H,MATCH($B2,'Slides+PNGs'!M:M,0)) -> #N/A | F2: =INDEX('Slides+PNGs'!$I:I,MATCH($B2,'Slides+PNGs'!M:M,0)) -> #N/A | G2: =INDEX('Slides+PNGs'!$L:L,MATCH($B2,'Slides+PNGs'!M:M,0)) -> #N/A | H2: NA | I2: NA | J2: NA | K2: NA | L2: NA
A3: 1 | B3: 2023unigme_rates_nmr_imr_cmr_u5mr_dim1.png | C3: =IF(ISERROR(VLOOKUP(B3,'Slides+PNGs'!$M:$M,1,FALSE)),FALSE,TRUE) -> TRUE | D3: TRUE | E3: =INDEX('Slides+PNGs'!$H:H,MATCH($B3,'Slides+PNGs'!M:M,0)) -> Dodged | F3: =INDEX('Slides+PNGs'!$I:I,MATCH($B3,'Slides+PNGs'!M:M,0)) -> N/A | G3: =INDEX('Slides+PNGs'!$L:L,MATCH($B3,'Slides+PNGs'!M:M,0)) -> 0 | H3: slideset.Rmd | I3: newborn-mort-2021 | J3: UNIGME-2023-SDGRegion-Rates-Deaths-Under-five.xlsx
A4: 2 | B4: 2023unigme_rates_nmr_imr_cmr_u5mr_dim2.png | C4: =IF(ISERROR(VLOOKUP(B4,'Slides+PNGs'!$M:$M,1,FALSE)),FALSE,TRUE) -> TRUE | D4: TRUE | E4: =INDEX('Slides+PNGs'!$H:H,MATCH($B4,'Slides+PNGs'!M:M,0)) -> Dodged | F4: =INDEX('Slides+PNGs'!$I:I,MATCH($B4,'Slides+PNGs'!M:M,0)) -> N/A | G4: =INDEX('Slides+PNGs'!$L:L,MATCH($B4,'Slides+PNGs'!M:M,0)) -> 0 | H4: slideset.Rmd | I4: newborn-mort-2021 | J4: UNIGME-2023-SDGRegion-Rates-Deaths-Under-five.xlsx
A5: 3 | B5: 2023unigme_deaths_nmr_imr_cmr_u5mr_dim1.png | C5: =IF(ISERROR(VLOOKUP(B5,'Slides+PNGs'!$M:$M,1,FALSE)),FALSE,TRUE) -> TRUE | D5: TRUE | E5: =INDEX('Slides+PNGs'!$H:H,MATCH($B5,'Slides+PNGs'!M:M,0)) -> Dodged | F5: =INDEX('Slides+PNGs'!$I:I,MATCH($B5,'Slides+PNGs'!M:M,0)) -> N/A | G5: =INDEX('Slides+PNGs'!$L:L,MATCH($B5,'Slides+PNGs'!M:M,0)) -> 0 | H5: slideset.Rmd | I5: newborn-mort-2022 | J5: UNIGME-2023-SDGRegion-Rates-Deaths-Under-five.xlsx | M5: Was generated but not used in slides?
A6: 4 | B6: 2023unigme_deaths_nmr_imr_cmr_u5mr_dim2.png | C6: =IF(ISERROR(VLOOKUP(B6,'Slides+PNGs'!$M:$M,1,FALSE)),FALSE,TRUE) -> TRUE | D6: TRUE | E6: =INDEX('Slides+PNGs'!$H:H,MATCH($B6,'Slides+PNGs'!M:M,0)) -> Dodged | F6: =INDEX('Slides+PNGs'!$I:I,MATCH($B6,'Slides+PNGs'!M:M,0)) -> N/A | G6: =INDEX('Slides+PNGs'!$L:L,MATCH($B6,'Slides+PNGs'!M:M,0)) -> 0 | H6: slideset.Rmd | I6: newborn-mort-2023 | J6: UNIGME-2023-SDGRegion-Rates-Deaths-Under-five.xlsx
A7: 5 | B7: 2023unigme_rates_nmr_dim1.png | C7: =IF(ISERROR(VLOOKUP(B7,'Slides+PNGs'!$M:$M,1,FALSE)),FALSE,TRUE) -> TRUE | D7: TRUE | E7: =INDEX('Slides+PNGs'!$H:H,MATCH($B7,'Slides+PNGs'!M:M,0)) -> Dodged | F7: =INDEX('Slides+PNGs'!$I:I,MATCH($B7,'Slides+PNGs'!M:M,0)) -> N/A | G7: =INDEX('Slides+PNGs'!$L:L,MATCH($B7,'Slides+PNGs'!M:M,0)) -> 0 | H7: slideset.Rmd | I7: newborn-mort-2024 | J7: UNIGME-2023-SDGRegion-Rates-Deaths-Under-five.xlsx
A8: 6 | B8: 2023unigme_rates_nmr_dim2.png | C8: =IF(ISERROR(VLOOKUP(B8,'Slides+PNGs'!$M:$M,1,FALSE)),FALSE,TRUE) -> TRUE | D8: TRUE | E8: =INDEX('Slides+PNGs'!$H:H,MATCH($B8,'Slides+PNGs'!M:M,0)) -> Dodged | F8: =INDEX('Slides+PNGs'!$I:I,MATCH($B8,'Slides+PNGs'!M:M,0)) -> N/A | G8: =INDEX('Slides+PNGs'!$L:L,MATCH($B8,'Slides+PNGs'!M:M,0)) -> 0 | H8: slideset.Rmd | I8: newborn-mort-2025 | J8: UNIGME-2023-SDGRegion-Rates-Deaths-Under-five.xlsx
A9: 7 | B9: 2023unigme_deaths_nmr_dim1.png | C9: =IF(ISERROR(VLOOKUP(B9,'Slides+PNGs'!$M:$M,1,FALSE)),FALSE,TRUE) -> TRUE | D9: TRUE | E9: =INDEX('Slides+PNGs'!$H:H,MATCH($B9,'Slides+PNGs'!M:M,0)) -> Dodged | F9: =INDEX('Slides+PNGs'!$I:I,MATCH($B9,'Slides+PNGs'!M:M,0)) -> N/A | G9: =INDEX('Slides+PNGs'!$L:L,MATCH($B9,'Slides+PNGs'!M:M,0)) -> 0 | H9: slideset.Rmd | I9: newborn-mort-2025 | J9: UNIGME-2023-SDGRegion-Rates-Deaths-Under-five.xlsx
A10: 8 | B10: 2023unigme_deaths_nmr_dim2.png | C10: =IF(ISERROR(VLOOKUP(B10,'Slides+PNGs'!$M:$M,1,FALSE)),FALSE,TRUE) -> TRUE | D10: TRUE | E10: =INDEX('Slides+PNGs'!$H:H,MATCH($B10,'Slides+PNGs'!M:M,0)) -> Dodged | F10: =INDEX('Slides+PNGs'!$I:I,MATCH($B10,'Slides+PNGs'!M:M,0)) -> N/A | G10: =INDEX('Slides+PNGs'!$L:L,MATCH($B10,'Slides+PNGs'!M:M,0)) -> 0 | H10: slideset.Rmd | I10: newborn-mort-2025 | J10: UNIGME-2023-SDGRegion-Rates-Deaths-Under-five.xlsx
A11: 9 | B11: 2023unigme_rates_nmr_imr_dim1.png | C11: =IF(ISERROR(VLOOKUP(B11,'Slides+PNGs'!$M:$M,1,FALSE)),FALSE,TRUE) -> TRUE | D11: TRUE | E11: =INDEX('Slides+PNGs'!$H:H,MATCH($B11,'Slides+PNGs'!M:M,0)) -> Dodged | F11: =INDEX('Slides+PNGs'!$I:I,MATCH($B11,'Slides+PNGs'!M:M,0)) -> N/A | G11: =INDEX('Slides+PNGs'!$L:L,MATCH($B11,'Slides+PNGs'!M:M,0)) -> 0 | H11: slideset.Rmd | I11: newborn-mort-2025 | J11: UNIGME-2023-SDGRegion-Rates-Deaths-Under-five.xlsx
A12: 10 | B12: 2023unigme_rates_nmr_imr_dim2.png | C12: =IF(ISERROR(VLOOKUP(B12,'Slides+PNGs'!$M:$M,1,FALSE)),FALSE,TRUE) -> TRUE | D12: TRUE | E12: =INDEX('Slides+PNGs'!$H:H,MATCH($B12,'Slides+PNGs'!M:M,0)) -> Dodged | F12: =INDEX('Slides+PNGs'!$I:I,MATCH($B12,'Slides+PNGs'!M:M,0)) -> N/A | G12: =INDEX('Slides+PNGs'!$L:L,MATCH($B12,'Slides+PNGs'!M:M,0)) -> 0 | H12: slideset.Rmd | I12: newborn-mort-2025 | J12: UNIGME-2023-SDGRegion-Rates-Deaths-Under-five.xlsx
A13: 11 | B13: 2023unigme_deaths_nmr_imr_dim1.png | C13: =IF(ISERROR(VLOOKUP(B13,'Slides+PNGs'!$M:$M,1,FALSE)),FALSE,TRUE) -> TRUE | D13: TRUE | E13: =INDEX('Slides+PNGs'!$H:H,MATCH($B13,'Slides+PNGs'!M:M,0)) -> Dodged | F13: =INDEX('Slides+PNGs'!$I:I,MATCH($B13,'Slides+PNGs'!M:M,0)) -> N/A | G13: =INDEX('Slides+PNGs'!$L:L,MATCH($B13,'Slides+PNGs'!M:M,0)) -> 0 | H13: slideset.Rmd | I13: newborn-mort-2025 | J13: UNIGME-2023-SDGRegion-Rates-Deaths-Under-five.xlsx
A14: 12 | B14: 2023unigme_deaths_nmr_imr_dim2.png | C14: =IF(ISERROR(VLOOKUP(B14,'Slides+PNGs'!$M:$M,1,FALSE)),FALSE,TRUE) -> TRUE | D14: TRUE | E14: =INDEX('Slides+PNGs'!$H:H,MATCH($B14,'Slides+PNGs'!M:M,0)) -> Dodged | F14: =INDEX('Slides+PNGs'!$I:I,MATCH($B14,'Slides+PNGs'!M:M,0)) -> N/A | G14: =INDEX('Slides+PNGs'!$L:L,MATCH($B14,'Slides+PNGs'!M:M,0)) -> 0 | H14: slideset.Rmd | I14: newborn-mort-2025 | J14: UNIGME-2023-SDGRegion-Rates-Deaths-Under-five.xlsx
A15: 13 | B15: 2023unigme_rates_nmr_imr_cmr_dim1.png | C15: =IF(ISERROR(VLOOKUP(B15,'Slides+PNGs'!$M:$M,1,FALSE)),FALSE,TRUE) -> TRUE | D15: TRUE | E15: =INDEX('Slides+PNGs'!$H:H,MATCH($B15,'Slides+PNGs'!M:M,0)) -> Dodged | F15: =INDEX('Slides+PNGs'!$I:I,MATCH($B15,'Slides+PNGs'!M:M,0)) -> N/A | G15: =INDEX('Slides+PNGs'!$L:L,MATCH($B15,'Slides+PNGs'!M:M,0)) -> 0 | H15: slideset.Rmd | I15: newborn-mort-2025 | J15: UNIGME-2023-SDGRegion-Rates-Deaths-Under-five.xlsx
A16: 14 | B16: 2023unigme_rates_nmr_imr_cmr_dim2.png | C16: =IF(ISERROR(VLOOKUP(B16,'Slides+PNGs'!$M:$M,1,FALSE)),FALSE,TRUE) -> TRUE | D16: TRUE | E16: =INDEX('Slides+PNGs'!$H:H,MATCH($B16,'Slides+PNGs'!M:M,0)) -> Dodged | F16: =INDEX('Slides+PNGs'!$I:I,MATCH($B16,'Slides+PNGs'!M:M,0)) -> N/A | G16: =INDEX('Slides+PNGs'!$L:L,MATCH($B16,'Slides+PNGs'!M:M,0)) -> 0 | H16: slideset.Rmd | I16: newborn-mort-2025 | J16: UNIGME-2023-SDGRegion-Rates-Deaths-Under-five.xlsx
A17: 15 | B17: 2023unigme_deaths_nmr_imr_cmr_dim1.png | C17: =IF(ISERROR(VLOOKUP(B17,'Slides+PNGs'!$M:$M,1,FALSE)),FALSE,TRUE) -> TRUE | D17: TRUE | E17: =INDEX('Slides+PNGs'!$H:H,MATCH($B17,'Slides+PNGs'!M:M,0)) -> Dodged | F17: =INDEX('Slides+PNGs'!$I:I,MATCH($B17,'Slides+PNGs'!M:M,0)) -> N/A | G17: =INDEX('Slides+PNGs'!$L:L,MATCH($B17,'Slides+PNGs'!M:M,0)) -> 0 | H17: slideset.Rmd | I17: newborn-mort-2025 | J17: UNIGME-2023-SDGRegion-Rates-Deaths-Under-five.xlsx
... A19: 17 | B19: nmr_stillbirth.png | C19: =IF(ISERROR(VLOOKUP(B19,'Slides+PNGs'!$M:$M,1,FALSE)),FALSE,TRUE) -> TRUE | D19: TRUE | E19: =INDEX('Slides+PNGs'!$H:H,MATCH($B19,'Slides+PNGs'!M:M,0)) -> Dodged | F19: =INDEX('Slides+PNGs'!$I:I,MATCH($B19,'Slides+PNGs'!M:M,0)) -> N/A | G19: =INDEX('Slides+PNGs'!$L:L,MATCH($B19,'Slides+PNGs'!M:M,0)) -> 0 | H19: slideset.Rmd | I19: stillbirth_nmr | J19: Stillbirth-rate-and-deaths_2023.xlsx
A20: 18 | B20: nmr_stillbirth_nolab.png | C20: =IF(ISERROR(VLOOKUP(B20,'Slides+PNGs'!$M:$M,1,FALSE)),FALSE,TRUE) -> FALSE | D20: TRUE | E20: =INDEX('Slides+PNGs'!$H:H,MATCH($B20,'Slides+PNGs'!M:M,0)) -> #N/A | F20: =INDEX('Slides+PNGs'!$I:I,MATCH($B20,'Slides+PNGs'!M:M,0)) -> #N/A | G20: =INDEX('Slides+PNGs'!$L:L,MATCH($B20,'Slides+PNGs'!M:M,0)) -> #N/A | H20: slideset.Rmd | I20: stillbirth_nmr | J20: Stillbirth-rate-and-deaths_2023.xlsx | M20: Was generated but not used in slides?
A21: 19 | B21: reductions_obs_req.png | C21: =IF(ISERROR(VLOOKUP(B21,'Slides+PNGs'!$M:$M,1,FALSE)),FALSE,TRUE) -> FALSE | D21: TRUE | E21: =INDEX('Slides+PNGs'!$H:H,MATCH($B21,'Slides+PNGs'!M:M,0)) -> #N/A | F21: =INDEX('Slides+PNGs'!$I:I,MATCH($B21,'Slides+PNGs'!M:M,0)) -> #N/A | G21: =INDEX('Slides+PNGs'!$L:L,MATCH($B21,'Slides+PNGs'!M:M,0)) -> #N/A | H21: slideset.Rmd | I21: stillbirth_nmr | J21: arr_estimates.xlsx | M21: Was generated but not used in slides?
A22: 20 | B22: nmr_imr_u5mr_trendsTo2022.png | C22: =IF(ISERROR(VLOOKUP(B22,'Slides+PNGs'!$M:$M,1,FALSE)),FALSE,TRUE) -> TRUE | D22: TRUE | E22: =INDEX('Slides+PNGs'!$H:H,MATCH($B22,'Slides+PNGs'!M:M,0)) -> FALSE | F22: =INDEX('Slides+PNGs'!$I:I,MATCH($B22,'Slides+PNGs'!M:M,0)) -> N/A | G22: =INDEX('Slides+PNGs'!$L:L,MATCH($B22,'Slides+PNGs'!M:M,0)) -> 0 | H22: slideset.Rmd | I22: newborn-mort-igme21-regional | J22: UNIGME2023.GHO.2024-04-29.KIM.csv
A23: 21 | B23: nmr_trendsTo2022.png | C23: =IF(ISERROR(VLOOKUP(B23,'Slides+PNGs'!$M:$M,1,FALSE)),FALSE,TRUE) -> TRUE | D23: TRUE | E23: =INDEX('Slides+PNGs'!$H:H,MATCH($B23,'Slides+PNGs'!M:M,0)) -> FALSE | F23: =INDEX('Slides+PNGs'!$I:I,MATCH($B23,'Slides+PNGs'!M:M,0)) -> N/A | G23: =INDEX('Slides+PNGs'!$L:L,MATCH($B23,'Slides+PNGs'!M:M,0)) -> 0 | H23: slideset.Rmd | I23: newborn-mort-igme21-regional | J23: UNIGME2023.GHO.2024-04-29.KIM.csv
A24: 22 | B24: imr_trendsTo2022.png | C24: =IF(ISERROR(VLOOKUP(B24,'Slides+PNGs'!$M:$M,1,FALSE)),FALSE,TRUE) -> TRUE | D24: TRUE | E24: =INDEX('Slides+PNGs'!$H:H,MATCH($B24,'Slides+PNGs'!M:M,0)) -> FALSE | F24: =INDEX('Slides+PNGs'!$I:I,MATCH($B24,'Slides+PNGs'!M:M,0)) -> N/A | G24: =INDEX('Slides+PNGs'!$L:L,MATCH($B24,'Slides+PNGs'!M:M,0)) -> 0 | H24: slideset.Rmd | I24: newborn-mort-igme21-regional | J24: UNIGME2023.GHO.2024-04-29.KIM.csv
A25: 23 | B25: iu5r_trendsTo2022.png | C25: =IF(ISERROR(VLOOKUP(B25,'Slides+PNGs'!$M:$M,1,FALSE)),FALSE,TRUE) -> TRUE | D25: TRUE | E25: =INDEX('Slides+PNGs'!$H:H,MATCH($B25,'Slides+PNGs'!M:M,0)) -> FALSE | F25: =INDEX('Slides+PNGs'!$I:I,MATCH($B25,'Slides+PNGs'!M:M,0)) -> N/A | G25: =INDEX('Slides+PNGs'!$L:L,MATCH($B25,'Slides+PNGs'!M:M,0)) -> 0 | H25: slideset.Rmd | I25: newborn-mort-igme21-regional | J25: UNIGME2023.GHO.2024-04-29.KIM.csv
A26: 24 | B26: 2021unigme_rates_Regions_nmr_imr_cmr_u5mr.png | C26: FALSE | D26: TRUE | E26: =INDEX('Slides+PNGs'!$H:H,MATCH($B26,'Slides+PNGs'!M:M,0)) -> #N/A | F26: =INDEX('Slides+PNGs'!$I:I,MATCH($B26,'Slides+PNGs'!M:M,0)) -> #N/A | G26: =INDEX('Slides+PNGs'!$L:L,MATCH($B26,'Slides+PNGs'!M:M,0)) -> #N/A | H26: slideset.Rmd | I26: newborn-mort-igme21-regional | J26: UNIGME_data_for_WHO_2021.xlsx | M26: Was generated but not used in slides?
A27: 25 | B27: 2021unigme_rates_Regions_nmr.png | C27: FALSE | D27: TRUE | E27: =INDEX('Slides+PNGs'!$H:H,MATCH($B27,'Slides+PNGs'!M:M,0)) -> #N/A | F27: =INDEX('Slides+PNGs'!$I:I,MATCH($B27,'Slides+PNGs'!M:M,0)) -> #N/A | G27: =INDEX('Slides+PNGs'!$L:L,MATCH($B27,'Slides+PNGs'!M:M,0)) -> #N/A | H27: slideset.Rmd | I27: newborn-mort-igme21-regional | J27: UNIGME_data_for_WHO_2021.xlsx | M27: Was generated but not used in slides?
A28: 26 | B28: 2021unigme_rates_Regions_nmr_imr.png | C28: FALSE | D28: TRUE | E28: =INDEX('Slides+PNGs'!$H:H,MATCH($B28,'Slides+PNGs'!M:M,0)) -> #N/A | F28: =INDEX('Slides+PNGs'!$I:I,MATCH($B28,'Slides+PNGs'!M:M,0)) -> #N/A | G28: =INDEX('Slides+PNGs'!$L:L,MATCH($B28,'Slides+PNGs'!M:M,0)) -> #N/A | H28: slideset.Rmd | I28: newborn-mort-igme21-regional | J28: UNIGME_data_for_WHO_2021.xlsx | M28: Was generated but not used in slides?
A29: 27 | B29: 2021unigme_rates_Regions_nmr_imr_cmr.png | C29: FALSE | D29: TRUE | E29: =INDEX('Slides+PNGs'!$H:H,MATCH($B29,'Slides+PNGs'!M:M,0)) -> #N/A | F29: =INDEX('Slides+PNGs'!$I:I,MATCH($B29,'Slides+PNGs'!M:M,0)) -> #N/A | G29: =INDEX('Slides+PNGs'!$L:L,MATCH($B29,'Slides+PNGs'!M:M,0)) -> #N/A | H29: slideset.Rmd | I29: newborn-mort-igme21-regional | J29: UNIGME_data_for_WHO_2021.xlsx | M29: Was generated but not used in slides?
A30: 28 | B30: Neonatal_CauseDeath_pie_MCEE19.png | C30: =IF(ISERROR(VLOOKUP(B30,'Slides+PNGs'!$M:$M,1,FALSE)),FALSE,TRUE) -> FALSE | D30: TRUE | E30: =INDEX('Slides+PNGs'!$H:H,MATCH($B30,'Slides+PNGs'!M:M,0)) -> #N/A | F30: =INDEX('Slides+PNGs'!$I:I,MATCH($B30,'Slides+PNGs'!M:M,0)) -> #N/A | G30: =INDEX('Slides+PNGs'!$L:L,MATCH($B30,'Slides+PNGs'!M:M,0)) -> #N/A | H30: slideset.Rmd | I30: neo-cod-mcee19 | J30: child_cod_2000_2019_reshape.csv | M30: Was generated but not used in slides?
A31: 29 | B31: Neonatal_CauseDeath_pie_MCEE19_nolab.png | C31: FALSE | D31: TRUE | E31: =INDEX('Slides+PNGs'!$H:H,MATCH($B31,'Slides+PNGs'!M:M,0)) -> #N/A | F31: =INDEX('Slides+PNGs'!$I:I,MATCH($B31,'Slides+PNGs'!M:M,0)) -> #N/A | G31: =INDEX('Slides+PNGs'!$L:L,MATCH($B31,'Slides+PNGs'!M:M,0)) -> #N/A | H31: slideset.Rmd | I31: neo-cod-mcee19 | J31: child_cod_2000_2019_reshape.csv | M31: Was generated but not used in slides?
A32: 30 | B32: Neonatal_CauseDeath_stackBar_MCEE19.png | C32: FALSE | D32: TRUE | E32: =INDEX('Slides+PNGs'!$H:H,MATCH($B32,'Slides+PNGs'!M:M,0)) -> #N/A | F32: =INDEX('Slides+PNGs'!$I:I,MATCH($B32,'Slides+PNGs'!M:M,0)) -> #N/A | G32: =INDEX('Slides+PNGs'!$L:L,MATCH($B32,'Slides+PNGs'!M:M,0)) -> #N/A | H32: slideset.Rmd | I32: neo-cod-mcee19 | J32: child_cod_2000_2019_reshape.csv | M32: Was generated but not used in slides?
A33: 31 | B33: Neonatal_CauseDeath_stackBar_cacode.png | C33: =IF(ISERROR(VLOOKUP(B33,'Slides+PNGs'!$M:$M,1,FALSE)),FALSE,TRUE) -> TRUE | D33: TRUE | E33: =INDEX('Slides+PNGs'!$H:H,MATCH($B33,'Slides+PNGs'!M:M,0)) -> Dodged | F33: =INDEX('Slides+PNGs'!$I:I,MATCH($B33,'Slides+PNGs'!M:M,0)) -> N/A | G33: =INDEX('Slides+PNGs'!$L:L,MATCH($B33,'Slides+PNGs'!M:M,0)) -> 0 | H33: slideset.Rmd | I33: neo-cod-cacode | J33: Copy of cause of death for under 5 age groups_2021_23052024.xlsx
A34: 32 | B34: Maternal_MMR_trends2000-2020_dim2.png | C34: =IF(ISERROR(VLOOKUP(B34,'Slides+PNGs'!$M:$M,1,FALSE)),FALSE,TRUE) -> TRUE | D34: TRUE | E34: =INDEX('Slides+PNGs'!$H:H,MATCH($B34,'Slides+PNGs'!M:M,0)) -> N/A | F34: =INDEX('Slides+PNGs'!$I:I,MATCH($B34,'Slides+PNGs'!M:M,0)) -> N/A | G34: =INDEX('Slides+PNGs'!$L:L,MATCH($B34,'Slides+PNGs'!M:M,0)) -> 0 | H34: slideset.Rmd | I34: maternal-mort | J34: estimates_World.csv
A35: 33 | B35: Maternal_numDeaths_trends2000-2020_dim2.png | C35: =IF(ISERROR(VLOOKUP(B35,'Slides+PNGs'!$M:$M,1,FALSE)),FALSE,TRUE) -> TRUE | D35: TRUE | E35: =INDEX('Slides+PNGs'!$H:H,MATCH($B35,'Slides+PNGs'!M:M,0)) -> N/A | F35: =INDEX('Slides+PNGs'!$I:I,MATCH($B35,'Slides+PNGs'!M:M,0)) -> N/A | G35: =INDEX('Slides+PNGs'!$L:L,MATCH($B35,'Slides+PNGs'!M:M,0)) -> 0 | H35: slideset.Rmd | I35: maternal-mort | J35: estimates_World.csv
A36: 34 | B36: Maternal_MMR_trends2000-2020_dim1.png | C36: =IF(ISERROR(VLOOKUP(B36,'Slides+PNGs'!$M:$M,1,FALSE)),FALSE,TRUE) -> TRUE | D36: TRUE | E36: =INDEX('Slides+PNGs'!$H:H,MATCH($B36,'Slides+PNGs'!M:M,0)) -> N/A | F36: =INDEX('Slides+PNGs'!$I:I,MATCH($B36,'Slides+PNGs'!M:M,0)) -> N/A | G36: =INDEX('Slides+PNGs'!$L:L,MATCH($B36,'Slides+PNGs'!M:M,0)) -> 0 | H36: slideset.Rmd | I36: maternal-mort | J36: estimates_World.csv
A37: 35 | B37: Maternal_numDeaths_trends2000-2020_dim1.png | C37: =IF(ISERROR(VLOOKUP(B37,'Slides+PNGs'!$M:$M,1,FALSE)),FALSE,TRUE) -> TRUE | D37: TRUE | E37: =INDEX('Slides+PNGs'!$H:H,MATCH($B37,'Slides+PNGs'!M:M,0)) -> N/A | F37: =INDEX('Slides+PNGs'!$I:I,MATCH($B37,'Slides+PNGs'!M:M,0)) -> N/A | G37: =INDEX('Slides+PNGs'!$L:L,MATCH($B37,'Slides+PNGs'!M:M,0)) -> 0 | H37: slideset.Rmd | I37: maternal-mort | J37: estimates_World.csv
A38: 36 | B38: Maternal_MMR_trends_WHOreg_2000-2020_dim1.png | C38: =IF(ISERROR(VLOOKUP(B38,'Slides+PNGs'!$M:$M,1,FALSE)),FALSE,TRUE) -> TRUE | D38: TRUE | E38: =INDEX('Slides+PNGs'!$H:H,MATCH($B38,'Slides+PNGs'!M:M,0)) -> N/A | F38: =INDEX('Slides+PNGs'!$I:I,MATCH($B38,'Slides+PNGs'!M:M,0)) -> N/A | G38: =INDEX('Slides+PNGs'!$L:L,MATCH($B38,'Slides+PNGs'!M:M,0)) -> 0 | H38: slideset.Rmd | I38: maternal-mort | J38: estimates_WHO_region.csv
A39: 37 | B39: Maternal_MMR_trends_income_2000-2020_dim1.png | C39: =IF(ISERROR(VLOOKUP(B39,'Slides+PNGs'!$M:$M,1,FALSE)),FALSE,TRUE) -> TRUE | D39: TRUE | E39: =INDEX('Slides+PNGs'!$H:H,MATCH($B39,'Slides+PNGs'!M:M,0)) -> N/A | F39: =INDEX('Slides+PNGs'!$I:I,MATCH($B39,'Slides+PNGs'!M:M,0)) -> N/A | G39: =INDEX('Slides+PNGs'!$L:L,MATCH($B39,'Slides+PNGs'!M:M,0)) -> 0 | H39: slideset.Rmd | I39: maternal-mort | J39: estimates_World_Bank_Income.csv
A40: 38 | B40: Maternal_CauseDeath_pie_Say_LGH_2014.png | C40: =IF(ISERROR(VLOOKUP(B40,'Slides+PNGs'!$M:$M,1,FALSE)),FALSE,TRUE) -> TRUE | D40: TRUE | E40: =INDEX('Slides+PNGs'!$H:H,MATCH($B40,'Slides+PNGs'!M:M,0)) -> N/A | F40: =INDEX('Slides+PNGs'!$I:I,MATCH($B40,'Slides+PNGs'!M:M,0)) -> N/A | G40: =INDEX('Slides+PNGs'!$L:L,MATCH($B40,'Slides+PNGs'!M:M,0)) -> 0 | H40: slideset.Rmd | I40: maternal-mort | J40: Say2014_LGH_MatCauseDeath.xlsx
A41: 39 | B41: Maternal_CauseDeath_stackBar_Say_LGH_2014.png | C41: =IF(ISERROR(VLOOKUP(B41,'Slides+PNGs'!$M:$M,1,FALSE)),FALSE,TRUE) -> TRUE | D41: TRUE | E41: =INDEX('Slides+PNGs'!$H:H,MATCH($B41,'Slides+PNGs'!M:M,0)) -> N/A | F41: =INDEX('Slides+PNGs'!$I:I,MATCH($B41,'Slides+PNGs'!M:M,0)) -> N/A | G41: =INDEX('Slides+PNGs'!$L:L,MATCH($B41,'Slides+PNGs'!M:M,0)) -> 0 | H41: slideset.Rmd | I41: maternal-mort | J41: Say2014_LGH_MatCauseDeath.xlsx
A42: 40 | B42: Maternal_MMR_trends2000-2017_dim2.png | C42: FALSE | D42: TRUE | E42: =INDEX('Slides+PNGs'!$H:H,MATCH($B42,'Slides+PNGs'!M:M,0)) -> #N/A | F42: =INDEX('Slides+PNGs'!$I:I,MATCH($B42,'Slides+PNGs'!M:M,0)) -> #N/A | G42: =INDEX('Slides+PNGs'!$L:L,MATCH($B42,'Slides+PNGs'!M:M,0)) -> #N/A | H42: slideset.Rmd | I42: maternal-mort | J42: GHO_maternalMMR_2000_2017_regionalGlobal.csv | M42: Was generated but not used in slides?
A43: 41 | B43: Maternal_MMR_trends2000-2017_dim1.png | C43: FALSE | D43: TRUE | E43: =INDEX('Slides+PNGs'!$H:H,MATCH($B43,'Slides+PNGs'!M:M,0)) -> #N/A | F43: =INDEX('Slides+PNGs'!$I:I,MATCH($B43,'Slides+PNGs'!M:M,0)) -> #N/A | G43: =INDEX('Slides+PNGs'!$L:L,MATCH($B43,'Slides+PNGs'!M:M,0)) -> #N/A | H43: slideset.Rmd | I43: maternal-mort | J43: GHO_maternalMMR_2000_2017_regionalGlobal.csv | M43: Was generated but not used in slides?
A44: 42 | B44: Maternal_numDeaths_trends2000-2017_dim2.png | C44: FALSE | D44: TRUE | E44: =INDEX('Slides+PNGs'!$H:H,MATCH($B44,'Slides+PNGs'!M:M,0)) -> #N/A | F44: =INDEX('Slides+PNGs'!$I:I,MATCH($B44,'Slides+PNGs'!M:M,0)) -> #N/A | G44: =INDEX('Slides+PNGs'!$L:L,MATCH($B44,'Slides+PNGs'!M:M,0)) -> #N/A | H44: slideset.Rmd | I44: maternal-mort | J44: GHO_maternalMMR_2000_2017_regionalGlobal.csv | M44: Was generated but not used in slides?
A45: 43 | B45: Maternal_numDeaths_trends2000-2017_dim1.png | C45: FALSE | D45: TRUE | E45: =INDEX('Slides+PNGs'!$H:H,MATCH($B45,'Slides+PNGs'!M:M,0)) -> #N/A | F45: =INDEX('Slides+PNGs'!$I:I,MATCH($B45,'Slides+PNGs'!M:M,0)) -> #N/A | G45: =INDEX('Slides+PNGs'!$L:L,MATCH($B45,'Slides+PNGs'!M:M,0)) -> #N/A | H45: slideset.Rmd | I45: maternal-mort | J45: GHO_maternalMMR_2000_2017_regionalGlobal.csv | M45: Was generated but not used in slides?
A46: 44 | B46: Maternal_ratio_trends2000-2030_sdgtargets.png | C46: FALSE | D46: TRUE | E46: =INDEX('Slides+PNGs'!$H:H,MATCH($B46,'Slides+PNGs'!M:M,0)) -> #N/A | F46: =INDEX('Slides+PNGs'!$I:I,MATCH($B46,'Slides+PNGs'!M:M,0)) -> #N/A | G46: =INDEX('Slides+PNGs'!$L:L,MATCH($B46,'Slides+PNGs'!M:M,0)) -> #N/A | H46: slideset.Rmd | I46: maternal-mort | J46: GHO_maternalMMR_2000_2017_regionalGlobal.csv | M46: Was generated but not used in slides?
A47: 45 | B47: YLL-YLD-10-19_global.png | C47: FALSE | D47: TRUE | E47: =INDEX('Slides+PNGs'!$H:H,MATCH($B47,'Slides+PNGs'!M:M,0)) -> #N/A | F47: =INDEX('Slides+PNGs'!$I:I,MATCH($B47,'Slides+PNGs'!M:M,0)) -> #N/A | G47: =INDEX('Slides+PNGs'!$L:L,MATCH($B47,'Slides+PNGs'!M:M,0)) -> #N/A | H47: slideset.Rmd | I47: adol-yll-yld-allCause | J47: All cause_All years.dta | M47: Was generated but not used in slides?
A48: 46 | B48: YLL-YLD-10-19_region_males.png | C48: FALSE | D48: TRUE | E48: =INDEX('Slides+PNGs'!$H:H,MATCH($B48,'Slides+PNGs'!M:M,0)) -> #N/A | F48: =INDEX('Slides+PNGs'!$I:I,MATCH($B48,'Slides+PNGs'!M:M,0)) -> #N/A | G48: =INDEX('Slides+PNGs'!$L:L,MATCH($B48,'Slides+PNGs'!M:M,0)) -> #N/A | H48: slideset.Rmd | I48: adol-yll-yld-allCause | J48: All cause_All years.dta | M48: Was generated but not used in slides?
A49: 47 | B49: YLL-YLD-10-19_region_females.png | C49: FALSE | D49: TRUE | E49: =INDEX('Slides+PNGs'!$H:H,MATCH($B49,'Slides+PNGs'!M:M,0)) -> #N/A | F49: =INDEX('Slides+PNGs'!$I:I,MATCH($B49,'Slides+PNGs'!M:M,0)) -> #N/A | G49: =INDEX('Slides+PNGs'!$L:L,MATCH($B49,'Slides+PNGs'!M:M,0)) -> #N/A | H49: slideset.Rmd | I49: adol-yll-yld-allCause | J49: All cause_All years.dta | M49: Was generated but not used in slides?
A50: 48 | B50: mortRates_10-19_global.png | C50: FALSE | D50: TRUE | E50: =INDEX('Slides+PNGs'!$H:H,MATCH($B50,'Slides+PNGs'!M:M,0)) -> #N/A | F50: =INDEX('Slides+PNGs'!$I:I,MATCH($B50,'Slides+PNGs'!M:M,0)) -> #N/A | G50: =INDEX('Slides+PNGs'!$L:L,MATCH($B50,'Slides+PNGs'!M:M,0)) -> #N/A | H50: slideset.Rmd | I50: adol-yll-yld-allCause | J50: All cause_All years.dta | M50: Was generated but not used in slides?
A51: 49 | B51: yldrates_trends_10-19_global.png | C51: FALSE | D51: TRUE | E51: =INDEX('Slides+PNGs'!$H:H,MATCH($B51,'Slides+PNGs'!M:M,0)) -> #N/A | F51: =INDEX('Slides+PNGs'!$I:I,MATCH($B51,'Slides+PNGs'!M:M,0)) -> #N/A | G51: =INDEX('Slides+PNGs'!$L:L,MATCH($B51,'Slides+PNGs'!M:M,0)) -> #N/A | H51: slideset.Rmd | I51: adol-yll-yld-allCause | J51: All cause_All years.dta | M51: Was generated but not used in slides?
A52: 50 | B52: mortrate_trends_female_regional.png | C52: FALSE | D52: TRUE | E52: =INDEX('Slides+PNGs'!$H:H,MATCH($B52,'Slides+PNGs'!M:M,0)) -> #N/A | F52: =INDEX('Slides+PNGs'!$I:I,MATCH($B52,'Slides+PNGs'!M:M,0)) -> #N/A | G52: =INDEX('Slides+PNGs'!$L:L,MATCH($B52,'Slides+PNGs'!M:M,0)) -> #N/A | H52: slideset.Rmd | I52: adol-yll-yld-allCause | J52: All cause_All years.dta | M52: Was generated but not used in slides?
A53: 51 | B53: mortrate_trends_male_regional.png | C53: FALSE | D53: TRUE | E53: =INDEX('Slides+PNGs'!$H:H,MATCH($B53,'Slides+PNGs'!M:M,0)) -> #N/A | F53: =INDEX('Slides+PNGs'!$I:I,MATCH($B53,'Slides+PNGs'!M:M,0)) -> #N/A | G53: =INDEX('Slides+PNGs'!$L:L,MATCH($B53,'Slides+PNGs'!M:M,0)) -> #N/A | H53: slideset.Rmd | I53: adol-yll-yld-allCause | J53: All cause_All years.dta | M53: Was generated but not used in slides?
... A61: 59 | B61: yld_trends_income.png | C61: FALSE | D61: TRUE | E61: =INDEX('Slides+PNGs'!$H:H,MATCH($B61,'Slides+PNGs'!M:M,0)) -> #N/A | F61: =INDEX('Slides+PNGs'!$I:I,MATCH($B61,'Slides+PNGs'!M:M,0)) -> #N/A | G61: =INDEX('Slides+PNGs'!$L:L,MATCH($B61,'Slides+PNGs'!M:M,0)) -> #N/A | H61: slideset.Rmd | I61: adol-yll-yld-allCause | J61: All cause_All years.dta | M61: Was generated but not used in slides?
A62: 60 | B62: causeYLL-10-19_global2019.png | C62: =IF(ISERROR(VLOOKUP(B62,'Slides+PNGs'!$M:$M,1,FALSE)),FALSE,TRUE) -> FALSE | D62: TRUE | E62: =INDEX('Slides+PNGs'!$H:H,MATCH($B62,'Slides+PNGs'!M:M,0)) -> #N/A | F62: =INDEX('Slides+PNGs'!$I:I,MATCH($B62,'Slides+PNGs'!M:M,0)) -> #N/A | G62: =INDEX('Slides+PNGs'!$L:L,MATCH($B62,'Slides+PNGs'!M:M,0)) -> #N/A | H62: slideset.Rmd | I62: adol-yll-yld-causeSpecific | J62: Cause_specific_ranking_AllYears.parquet | M62: Was generated but not used in slides?
A63: 61 | B63: causedeaths_males-10-19_regional2019.png | C63: =IF(ISERROR(VLOOKUP(B63,'Slides+PNGs'!$M:$M,1,FALSE)),FALSE,TRUE) -> FALSE | D63: TRUE | E63: =INDEX('Slides+PNGs'!$H:H,MATCH($B63,'Slides+PNGs'!M:M,0)) -> #N/A | F63: =INDEX('Slides+PNGs'!$I:I,MATCH($B63,'Slides+PNGs'!M:M,0)) -> #N/A | G63: =INDEX('Slides+PNGs'!$L:L,MATCH($B63,'Slides+PNGs'!M:M,0)) -> #N/A | H63: slideset.Rmd | I63: adol-yll-yld-causeSpecific | J63: Cause_specific_ranking_AllYears.parquet | M63: Was generated but not used in slides?
A64: 62 | B64: causedeaths_females-10-19_regional2019.png | C64: =IF(ISERROR(VLOOKUP(B64,'Slides+PNGs'!$M:$M,1,FALSE)),FALSE,TRUE) -> FALSE | D64: TRUE | E64: =INDEX('Slides+PNGs'!$H:H,MATCH($B64,'Slides+PNGs'!M:M,0)) -> #N/A | F64: =INDEX('Slides+PNGs'!$I:I,MATCH($B64,'Slides+PNGs'!M:M,0)) -> #N/A | G64: =INDEX('Slides+PNGs'!$L:L,MATCH($B64,'Slides+PNGs'!M:M,0)) -> #N/A | H64: slideset.Rmd | I64: adol-yll-yld-causeSpecific | J64: Cause_specific_ranking_AllYears.parquet | M64: Was generated but not used in slides?
A65: 63 | B65: causedeaths_males-10-19_income2019.png | C65: =IF(ISERROR(VLOOKUP(B65,'Slides+PNGs'!$M:$M,1,FALSE)),FALSE,TRUE) -> FALSE | D65: TRUE | E65: =INDEX('Slides+PNGs'!$H:H,MATCH($B65,'Slides+PNGs'!M:M,0)) -> #N/A | F65: =INDEX('Slides+PNGs'!$I:I,MATCH($B65,'Slides+PNGs'!M:M,0)) -> #N/A | G65: =INDEX('Slides+PNGs'!$L:L,MATCH($B65,'Slides+PNGs'!M:M,0)) -> #N/A | H65: slideset.Rmd | I65: adol-yll-yld-causeSpecific | J65: Cause_specific_ranking_AllYears.parquet | M65: Was generated but not used in slides?
A66: 64 | B66: causedeaths_females-10-19_income2019.png | C66: =IF(ISERROR(VLOOKUP(B66,'Slides+PNGs'!$M:$M,1,FALSE)),FALSE,TRUE) -> FALSE | D66: TRUE | E66: =INDEX('Slides+PNGs'!$H:H,MATCH($B66,'Slides+PNGs'!M:M,0)) -> #N/A | F66: =INDEX('Slides+PNGs'!$I:I,MATCH($B66,'Slides+PNGs'!M:M,0)) -> #N/A | G66: =INDEX('Slides+PNGs'!$L:L,MATCH($B66,'Slides+PNGs'!M:M,0)) -> #N/A | H66: slideset.Rmd | I66: adol-yll-yld-causeSpecific | J66: Cause_specific_ranking_AllYears.parquet | M66: Was generated but not used in slides?
A67: 65 | B67: causeYLD-10-19_global2019.png | C67: =IF(ISERROR(VLOOKUP(B67,'Slides+PNGs'!$M:$M,1,FALSE)),FALSE,TRUE) -> FALSE | D67: TRUE | E67: =INDEX('Slides+PNGs'!$H:H,MATCH($B67,'Slides+PNGs'!M:M,0)) -> #N/A | F67: =INDEX('Slides+PNGs'!$I:I,MATCH($B67,'Slides+PNGs'!M:M,0)) -> #N/A | G67: =INDEX('Slides+PNGs'!$L:L,MATCH($B67,'Slides+PNGs'!M:M,0)) -> #N/A | H67: slideset.Rmd | I67: adol-yll-yld-causeSpecific | J67: Cause_specific_ranking_AllYears.parquet | M67: Was generated but not used in slides?
A68: 66 | B68: causeYLD-10-19males_regional_2019.png | C68: =IF(ISERROR(VLOOKUP(B68,'Slides+PNGs'!$M:$M,1,FALSE)),FALSE,TRUE) -> FALSE | D68: TRUE | E68: =INDEX('Slides+PNGs'!$H:H,MATCH($B68,'Slides+PNGs'!M:M,0)) -> #N/A | F68: =INDEX('Slides+PNGs'!$I:I,MATCH($B68,'Slides+PNGs'!M:M,0)) -> #N/A | G68: =INDEX('Slides+PNGs'!$L:L,MATCH($B68,'Slides+PNGs'!M:M,0)) -> #N/A | H68: slideset.Rmd | I68: adol-yll-yld-causeSpecific | J68: Cause_specific_ranking_AllYears.parquet | M68: Was generated but not used in slides?
A69: 67 | B69: causeYLD-10-19females_regional_2019.png | C69: =IF(ISERROR(VLOOKUP(B69,'Slides+PNGs'!$M:$M,1,FALSE)),FALSE,TRUE) -> FALSE | D69: TRUE | E69: =INDEX('Slides+PNGs'!$H:H,MATCH($B69,'Slides+PNGs'!M:M,0)) -> #N/A | F69: =INDEX('Slides+PNGs'!$I:I,MATCH($B69,'Slides+PNGs'!M:M,0)) -> #N/A | G69: =INDEX('Slides+PNGs'!$L:L,MATCH($B69,'Slides+PNGs'!M:M,0)) -> #N/A | H69: slideset.Rmd | I69: adol-yll-yld-causeSpecific | J69: Cause_specific_ranking_AllYears.parquet | M69: Was generated but not used in slides?
A70: 68 | B70: causeYLD-10-19males_income_2019.png | C70: =IF(ISERROR(VLOOKUP(B70,'Slides+PNGs'!$M:$M,1,FALSE)),FALSE,TRUE) -> FALSE | D70: TRUE | E70: =INDEX('Slides+PNGs'!$H:H,MATCH($B70,'Slides+PNGs'!M:M,0)) -> #N/A | F70: =INDEX('Slides+PNGs'!$I:I,MATCH($B70,'Slides+PNGs'!M:M,0)) -> #N/A | G70: =INDEX('Slides+PNGs'!$L:L,MATCH($B70,'Slides+PNGs'!M:M,0)) -> #N/A | H70: slideset.Rmd | I70: adol-yll-yld-causeSpecific | J70: Cause_specific_ranking_AllYears.parquet | M70: Was generated but not used in slides?
A71: 69 | B71: causeYLD-10-19females_income_2019.png | C71: =IF(ISERROR(VLOOKUP(B71,'Slides+PNGs'!$M:$M,1,FALSE)),FALSE,TRUE) -> FALSE | D71: TRUE | E71: =INDEX('Slides+PNGs'!$H:H,MATCH($B71,'Slides+PNGs'!M:M,0)) -> #N/A | F71: =INDEX('Slides+PNGs'!$I:I,MATCH($B71,'Slides+PNGs'!M:M,0)) -> #N/A | G71: =INDEX('Slides+PNGs'!$L:L,MATCH($B71,'Slides+PNGs'!M:M,0)) -> #N/A | H71: slideset.Rmd | I71: adol-yll-yld-causeSpecific | J71: Cause_specific_ranking_AllYears.parquet | M71: Was generated but not used in slides?
A72: 70 | B72: causeSpec-rates-10-19_global.png | C72: =IF(ISERROR(VLOOKUP(B72,'Slides+PNGs'!$M:$M,1,FALSE)),FALSE,TRUE) -> FALSE | D72: TRUE | E72: =INDEX('Slides+PNGs'!$H:H,MATCH($B72,'Slides+PNGs'!M:M,0)) -> #N/A | F72: =INDEX('Slides+PNGs'!$I:I,MATCH($B72,'Slides+PNGs'!M:M,0)) -> #N/A | G72: =INDEX('Slides+PNGs'!$L:L,MATCH($B72,'Slides+PNGs'!M:M,0)) -> #N/A | H72: slideset.Rmd | I72: adol-yll-yld-causeSpecific | J72: Cause_specific_ranking_AllYears.parquet | M72: Was generated but not used in slides?
A73: 71 | B73: Cause_specific_2000.2019_10.14ym_top5.png | C73: =IF(ISERROR(VLOOKUP(B73,'Slides+PNGs'!$M:$M,1,FALSE)),FALSE,TRUE) -> FALSE | D73: TRUE | E73: =INDEX('Slides+PNGs'!$H:H,MATCH($B73,'Slides+PNGs'!M:M,0)) -> #N/A | F73: =INDEX('Slides+PNGs'!$I:I,MATCH($B73,'Slides+PNGs'!M:M,0)) -> #N/A | G73: =INDEX('Slides+PNGs'!$L:L,MATCH($B73,'Slides+PNGs'!M:M,0)) -> #N/A | H73: slideset.Rmd | I73: adol-yll-yld-causeSpecific | J73: Cause_specific_ranking_AllYears.parquet | M73: Was generated but not used in slides?
... A97: 95 | B97: mpdsr_policy.png | C97: =IF(ISERROR(VLOOKUP(B97,'Slides+PNGs'!$M:$M,1,FALSE)),FALSE,TRUE) -> FALSE | D97: TRUE | E97: =INDEX('Slides+PNGs'!$H:H,MATCH($B97,'Slides+PNGs'!M:M,0)) -> #N/A | F97: =INDEX('Slides+PNGs'!$I:I,MATCH($B97,'Slides+PNGs'!M:M,0)) -> #N/A | G97: =INDEX('Slides+PNGs'!$L:L,MATCH($B97,'Slides+PNGs'!M:M,0)) -> #N/A | H97: slideset.Rmd | I97: mpdsr | J97: PolicySurvey_All.labels.xlsx | M97: Was generated but not used in slides?
A98: 96 | B98: mpdsr_policy_MN_54.png | C98: =IF(ISERROR(VLOOKUP(B98,'Slides+PNGs'!$M:$M,1,FALSE)),FALSE,TRUE) -> TRUE | D98: TRUE | E98: =INDEX('Slides+PNGs'!$H:H,MATCH($B98,'Slides+PNGs'!M:M,0)) -> N/A | F98: =INDEX('Slides+PNGs'!$I:I,MATCH($B98,'Slides+PNGs'!M:M,0)) -> N/A | G98: =INDEX('Slides+PNGs'!$L:L,MATCH($B98,'Slides+PNGs'!M:M,0)) -> 0 | H98: slideset.Rmd | I98: mpdsr | J98: PolicySurvey_All.labels.xlsx
A99: 97 | B99: mpdsr_policy_MN_55.png | C99: =IF(ISERROR(VLOOKUP(B99,'Slides+PNGs'!$M:$M,1,FALSE)),FALSE,TRUE) -> TRUE | D99: TRUE | E99: =INDEX('Slides+PNGs'!$H:H,MATCH($B99,'Slides+PNGs'!M:M,0)) -> N/A | F99: =INDEX('Slides+PNGs'!$I:I,MATCH($B99,'Slides+PNGs'!M:M,0)) -> N/A | G99: =INDEX('Slides+PNGs'!$L:L,MATCH($B99,'Slides+PNGs'!M:M,0)) -> 0 | H99: slideset.Rmd | I99: mpdsr | J99: PolicySurvey_All.labels.xlsx
A100: 98 | B100: mpdsr_policy_MN_56.png | C100: =IF(ISERROR(VLOOKUP(B100,'Slides+PNGs'!$M:$M,1,FALSE)),FALSE,TRUE) -> TRUE | D100: TRUE | E100: =INDEX('Slides+PNGs'!$H:H,MATCH($B100,'Slides+PNGs'!M:M,0)) -> N/A | F100: =INDEX('Slides+PNGs'!$I:I,MATCH($B100,'Slides+PNGs'!M:M,0)) -> N/A | G100: =INDEX('Slides+PNGs'!$L:L,MATCH($B100,'Slides+PNGs'!M:M,0)) -> 0 | H100: slideset.Rmd | I100: mpdsr | J100: PolicySurvey_All.labels.xlsx
A101: 99 | B101: LBW_region_popwtMean2015-2019.png | C101: =IF(ISERROR(VLOOKUP(B101,'Slides+PNGs'!$M:$M,1,FALSE)),FALSE,TRUE) -> FALSE | D101: TRUE | E101: =INDEX('Slides+PNGs'!$H:H,MATCH($B101,'Slides+PNGs'!M:M,0)) -> #N/A | F101: =INDEX('Slides+PNGs'!$I:I,MATCH($B101,'Slides+PNGs'!M:M,0)) -> #N/A | G101: =INDEX('Slides+PNGs'!$L:L,MATCH($B101,'Slides+PNGs'!M:M,0)) -> #N/A | H101: slideset.Rmd | I101: mnh_riskfactors | J101: https://xmart-api-public.who.int/MNCAH/MCA_FACT_DATA?$filter=INDICATOR_FK%20in%20(%22AC_ANEMIAPW%22,%22AC_ANEMIAWRA%22,%22BC_LBW%22)&$select=INDICATOR_FK,YEAR_FK,COUNTRY_FK,COUNTRY_FK__CODE,ValueNumeric,ValueLow,ValueHigh,ValueStdDev,ValueStdErr,Comments,AGEGROUP_FK,Answer_FK,CauseGHE_FK,CauseGHEChild_FK,CauseENVCAUSE_FK,DatasourceLong,DatasourceShort,ImpSan_FK,ImpWater_FK,LivingArrangements_FK,MEASDEF_FK,MOTHEREDUCATION_FK,ProficiencyLevel_FK,ResideLTA_FK,RESIDENCEAREA_FK,SABDefinition_FK,SEVERITY_FK,SEVERITYHEARING_FK,SEVERITYVISION_FK,SEX_FK,WEALTHQUINTILE_FK | K101: WPP2019_POP_F01_1_TOTAL_POPULATION_BOTH_SEXES.xlsx | M101: We should be using the most recent WPP data Was generated but not used in slides?
A102: 100 | B102: LBW_region_Medians2015-2020.png | C102: =IF(ISERROR(VLOOKUP(B102,'Slides+PNGs'!$M:$M,1,FALSE)),FALSE,TRUE) -> TRUE | D102: TRUE | E102: =INDEX('Slides+PNGs'!$H:H,MATCH($B102,'Slides+PNGs'!M:M,0)) -> N/A | F102: =INDEX('Slides+PNGs'!$I:I,MATCH($B102,'Slides+PNGs'!M:M,0)) -> N/A | G102: =INDEX('Slides+PNGs'!$L:L,MATCH($B102,'Slides+PNGs'!M:M,0)) -> FALSE | H102: slideset.Rmd | I102: mnh_riskfactors | J102: https://xmart-api-public.who.int/MNCAH/MCA_FACT_DATA?$filter=INDICATOR_FK%20in%20(%22AC_ANEMIAPW%22,%22AC_ANEMIAWRA%22,%22BC_LBW%22)&$select=INDICATOR_FK,YEAR_FK,COUNTRY_FK,COUNTRY_FK__CODE,ValueNumeric,ValueLow,ValueHigh,ValueStdDev,ValueStdErr,Comments,AGEGROUP_FK,Answer_FK,CauseGHE_FK,CauseGHEChild_FK,CauseENVCAUSE_FK,DatasourceLong,DatasourceShort,ImpSan_FK,ImpWater_FK,LivingArrangements_FK,MEASDEF_FK,MOTHEREDUCATION_FK,ProficiencyLevel_FK,ResideLTA_FK,RESIDENCEAREA_FK,SABDefinition_FK,SEVERITY_FK,SEVERITYHEARING_FK,SEVERITYVISION_FK,SEX_FK,WEALTHQUINTILE_FK | K102: WPP2019_POP_F01_1_TOTAL_POPULATION_BOTH_SEXES.xlsx | M102: We should be using the most recent WPP data
A103: 101 | B103: AnaemiaPW_region_popwtMean2015-2019.png | C103: =IF(ISERROR(VLOOKUP(B103,'Slides+PNGs'!$M:$M,1,FALSE)),FALSE,TRUE) -> FALSE | D103: TRUE | E103: =INDEX('Slides+PNGs'!$H:H,MATCH($B103,'Slides+PNGs'!M:M,0)) -> #N/A | F103: =INDEX('Slides+PNGs'!$I:I,MATCH($B103,'Slides+PNGs'!M:M,0)) -> #N/A | G103: =INDEX('Slides+PNGs'!$L:L,MATCH($B103,'Slides+PNGs'!M:M,0)) -> #N/A | H103: slideset.Rmd | I103: mnh_riskfactors | J103: https://xmart-api-public.who.int/MNCAH/MCA_FACT_DATA?$filter=INDICATOR_FK%20in%20(%22AC_ANEMIAPW%22,%22AC_ANEMIAWRA%22,%22BC_LBW%22)&$select=INDICATOR_FK,YEAR_FK,COUNTRY_FK,COUNTRY_FK__CODE,ValueNumeric,ValueLow,ValueHigh,ValueStdDev,ValueStdErr,Comments,AGEGROUP_FK,Answer_FK,CauseGHE_FK,CauseGHEChild_FK,CauseENVCAUSE_FK,DatasourceLong,DatasourceShort,ImpSan_FK,ImpWater_FK,LivingArrangements_FK,MEASDEF_FK,MOTHEREDUCATION_FK,ProficiencyLevel_FK,ResideLTA_FK,RESIDENCEAREA_FK,SABDefinition_FK,SEVERITY_FK,SEVERITYHEARING_FK,SEVERITYVISION_FK,SEX_FK,WEALTHQUINTILE_FK | K103: WPP2019_POP_F01_1_TOTAL_POPULATION_BOTH_SEXES.xlsx | M103: We should be using the most recent WPP data Was generated but not used in slides?
A104: 102 | B104: AnaemiaPW_region_Medians2015-2019.png | C104: =IF(ISERROR(VLOOKUP(B104,'Slides+PNGs'!$M:$M,1,FALSE)),FALSE,TRUE) -> FALSE | D104: TRUE | E104: =INDEX('Slides+PNGs'!$H:H,MATCH($B104,'Slides+PNGs'!M:M,0)) -> #N/A | F104: =INDEX('Slides+PNGs'!$I:I,MATCH($B104,'Slides+PNGs'!M:M,0)) -> #N/A | G104: =INDEX('Slides+PNGs'!$L:L,MATCH($B104,'Slides+PNGs'!M:M,0)) -> #N/A | H104: slideset.Rmd | I104: mnh_riskfactors | J104: https://xmart-api-public.who.int/MNCAH/MCA_FACT_DATA?$filter=INDICATOR_FK%20in%20(%22AC_ANEMIAPW%22,%22AC_ANEMIAWRA%22,%22BC_LBW%22)&$select=INDICATOR_FK,YEAR_FK,COUNTRY_FK,COUNTRY_FK__CODE,ValueNumeric,ValueLow,ValueHigh,ValueStdDev,ValueStdErr,Comments,AGEGROUP_FK,Answer_FK,CauseGHE_FK,CauseGHEChild_FK,CauseENVCAUSE_FK,DatasourceLong,DatasourceShort,ImpSan_FK,ImpWater_FK,LivingArrangements_FK,MEASDEF_FK,MOTHEREDUCATION_FK,ProficiencyLevel_FK,ResideLTA_FK,RESIDENCEAREA_FK,SABDefinition_FK,SEVERITY_FK,SEVERITYHEARING_FK,SEVERITYVISION_FK,SEX_FK,WEALTHQUINTILE_FK | K104: WPP2019_POP_F01_1_TOTAL_POPULATION_BOTH_SEXES.xlsx | M104: R code generates AnaemiaPW_region_popwtMean2015-2019.png and all the code in that area uses "2019" as year, but the slide shows "2020" and references "AnaemiaPW_region_Medians2015-2020.png". So it seems like code and slide and png are somehow out of synch. Also, this seems to be using WPP 2019 population data instead of most recent.
A105: 103 | B105: MNHcoverage_trend_median2015-2024.png | C105: =IF(ISERROR(VLOOKUP(B105,'Slides+PNGs'!$M:$M,1,FALSE)),FALSE,TRUE) -> TRUE | D105: TRUE | E105: =INDEX('Slides+PNGs'!$H:H,MATCH($B105,'Slides+PNGs'!M:M,0)) -> N/A | F105: =INDEX('Slides+PNGs'!$I:I,MATCH($B105,'Slides+PNGs'!M:M,0)) -> N/A | G105: =INDEX('Slides+PNGs'!$L:L,MATCH($B105,'Slides+PNGs'!M:M,0)) -> 0 | H105: slideset.Rmd | I105: mat-newb-coverage-xmart | J105: https://xmart-api-public.who.int/MNCAH/MCA_FACT_DATA?$filter=INDICATOR_FK%20in%20(%22AC_A4V%22,%22MN_IRTSYR%22,%22WCAH_ANCSYP%22,%22BC_FPSMM%22,%22BC_BASHP%22,%22CANUT_EBF%22,%22CANUT_EIBF%22,%22MN_ARV_PMTCT%22,%22TECI_ORS%22,%22TECI_ORSZINC%22,%22TECI_PNEUHCP%22,%22PNC_MOM%22,%22PNC_NB%22,%22AC_PAB%22,%22WCAH_DTP3%22,%22WCAH_MCV2%22)&$select=INDICATOR_FK,YEAR_FK,COUNTRY_FK,COUNTRY_FK__CODE,ValueNumeric,ValueLow,ValueHigh,ValueStdDev,ValueStdErr,Comments,AGEGROUP_FK,Answer_FK,CauseGHE_FK,CauseGHEChild_FK,CauseENVCAUSE_FK,DatasourceLong,DatasourceShort,ImpSan_FK,ImpWater_FK,LivingArrangements_FK,MEASDEF_FK,MOTHEREDUCATION_FK,ProficiencyLevel_FK,ResideLTA_FK,RESIDENCEAREA_FK,SABDefinition_FK,SEVERITY_FK,SEVERITYHEARING_FK,SEVERITYVISION_FK,SEX_FK,WEALTHQUINTILE_FK | K105: data_export_MNCAH_DM_Indicators_MNHcoveragekp.xlsx
A106: 104 | B106: MNHcoverage_Antenatal_trend_median2015-2024.png | C106: =IF(ISERROR(VLOOKUP(B106,'Slides+PNGs'!$M:$M,1,FALSE)),FALSE,TRUE) -> FALSE | D106: TRUE | E106: =INDEX('Slides+PNGs'!$H:H,MATCH($B106,'Slides+PNGs'!M:M,0)) -> #N/A | F106: =INDEX('Slides+PNGs'!$I:I,MATCH($B106,'Slides+PNGs'!M:M,0)) -> #N/A | G106: =INDEX('Slides+PNGs'!$L:L,MATCH($B106,'Slides+PNGs'!M:M,0)) -> #N/A | H106: slideset.Rmd | I106: mat-newb-coverage-xmart | J106: https://xmart-api-public.who.int/MNCAH/MCA_FACT_DATA?$filter=INDICATOR_FK%20in%20(%22AC_A4V%22,%22MN_IRTSYR%22,%22WCAH_ANCSYP%22,%22BC_FPSMM%22,%22BC_BASHP%22,%22CANUT_EBF%22,%22CANUT_EIBF%22,%22MN_ARV_PMTCT%22,%22TECI_ORS%22,%22TECI_ORSZINC%22,%22TECI_PNEUHCP%22,%22PNC_MOM%22,%22PNC_NB%22,%22AC_PAB%22,%22WCAH_DTP3%22,%22WCAH_MCV2%22)&$select=INDICATOR_FK,YEAR_FK,COUNTRY_FK,COUNTRY_FK__CODE,ValueNumeric,ValueLow,ValueHigh,ValueStdDev,ValueStdErr,Comments,AGEGROUP_FK,Answer_FK,CauseGHE_FK,CauseGHEChild_FK,CauseENVCAUSE_FK,DatasourceLong,DatasourceShort,ImpSan_FK,ImpWater_FK,LivingArrangements_FK,MEASDEF_FK,MOTHEREDUCATION_FK,ProficiencyLevel_FK,ResideLTA_FK,RESIDENCEAREA_FK,SABDefinition_FK,SEVERITY_FK,SEVERITYHEARING_FK,SEVERITYVISION_FK,SEX_FK,WEALTHQUINTILE_FK | K106: data_export_MNCAH_DM_Indicators_MNHcoveragekp.xlsx | M106: Was generated but not used in slides?
A107: 105 | B107: MNHcoverage_recent_median2020-2024.png | C107: =IF(ISERROR(VLOOKUP(B107,'Slides+PNGs'!$M:$M,1,FALSE)),FALSE,TRUE) -> TRUE | D107: TRUE | E107: =INDEX('Slides+PNGs'!$H:H,MATCH($B107,'Slides+PNGs'!M:M,0)) -> N/A | F107: =INDEX('Slides+PNGs'!$I:I,MATCH($B107,'Slides+PNGs'!M:M,0)) -> N/A | G107: =INDEX('Slides+PNGs'!$L:L,MATCH($B107,'Slides+PNGs'!M:M,0)) -> 0 | H107: slideset.Rmd | I107: mat-newb-coverage-xmart | J107: https://xmart-api-public.who.int/MNCAH/MCA_FACT_DATA?$filter=INDICATOR_FK%20in%20(%22AC_A4V%22,%22MN_IRTSYR%22,%22WCAH_ANCSYP%22,%22BC_FPSMM%22,%22BC_BASHP%22,%22CANUT_EBF%22,%22CANUT_EIBF%22,%22MN_ARV_PMTCT%22,%22TECI_ORS%22,%22TECI_ORSZINC%22,%22TECI_PNEUHCP%22,%22PNC_MOM%22,%22PNC_NB%22,%22AC_PAB%22,%22WCAH_DTP3%22,%22WCAH_MCV2%22)&$select=INDICATOR_FK,YEAR_FK,COUNTRY_FK,COUNTRY_FK__CODE,ValueNumeric,ValueLow,ValueHigh,ValueStdDev,ValueStdErr,Comments,AGEGROUP_FK,Answer_FK,CauseGHE_FK,CauseGHEChild_FK,CauseENVCAUSE_FK,DatasourceLong,DatasourceShort,ImpSan_FK,ImpWater_FK,LivingArrangements_FK,MEASDEF_FK,MOTHEREDUCATION_FK,ProficiencyLevel_FK,ResideLTA_FK,RESIDENCEAREA_FK,SABDefinition_FK,SEVERITY_FK,SEVERITYHEARING_FK,SEVERITYVISION_FK,SEX_FK,WEALTHQUINTILE_FK | K107: data_export_MNCAH_DM_Indicators_MNHcoveragekp.xlsx
A108: 106 | B108: MNHcoverage_Antenatal_recent_median2020-2024.png | C108: =IF(ISERROR(VLOOKUP(B108,'Slides+PNGs'!$M:$M,1,FALSE)),FALSE,TRUE) -> FALSE | D108: TRUE | E108: =INDEX('Slides+PNGs'!$H:H,MATCH($B108,'Slides+PNGs'!M:M,0)) -> #N/A | F108: =INDEX('Slides+PNGs'!$I:I,MATCH($B108,'Slides+PNGs'!M:M,0)) -> #N/A | G108: =INDEX('Slides+PNGs'!$L:L,MATCH($B108,'Slides+PNGs'!M:M,0)) -> #N/A | H108: slideset.Rmd | I108: mat-newb-coverage-xmart | J108: https://xmart-api-public.who.int/MNCAH/MCA_FACT_DATA?$filter=INDICATOR_FK%20in%20(%22AC_A4V%22,%22MN_IRTSYR%22,%22WCAH_ANCSYP%22,%22BC_FPSMM%22,%22BC_BASHP%22,%22CANUT_EBF%22,%22CANUT_EIBF%22,%22MN_ARV_PMTCT%22,%22TECI_ORS%22,%22TECI_ORSZINC%22,%22TECI_PNEUHCP%22,%22PNC_MOM%22,%22PNC_NB%22,%22AC_PAB%22,%22WCAH_DTP3%22,%22WCAH_MCV2%22)&$select=INDICATOR_FK,YEAR_FK,COUNTRY_FK,COUNTRY_FK__CODE,ValueNumeric,ValueLow,ValueHigh,ValueStdDev,ValueStdErr,Comments,AGEGROUP_FK,Answer_FK,CauseGHE_FK,CauseGHEChild_FK,CauseENVCAUSE_FK,DatasourceLong,DatasourceShort,ImpSan_FK,ImpWater_FK,LivingArrangements_FK,MEASDEF_FK,MOTHEREDUCATION_FK,ProficiencyLevel_FK,ResideLTA_FK,RESIDENCEAREA_FK,SABDefinition_FK,SEVERITY_FK,SEVERITYHEARING_FK,SEVERITYVISION_FK,SEX_FK,WEALTHQUINTILE_FK | K108: data_export_MNCAH_DM_Indicators_MNHcoveragekp.xlsx | M108: Was generated but not used in slides?
A109: 107 | B109: MNHcoverage_region_recent_medians2020-24.png | C109: =IF(ISERROR(VLOOKUP(B109,'Slides+PNGs'!$M:$M,1,FALSE)),FALSE,TRUE) -> TRUE | D109: TRUE | E109: =INDEX('Slides+PNGs'!$H:H,MATCH($B109,'Slides+PNGs'!M:M,0)) -> N/A | F109: =INDEX('Slides+PNGs'!$I:I,MATCH($B109,'Slides+PNGs'!M:M,0)) -> N/A | G109: =INDEX('Slides+PNGs'!$L:L,MATCH($B109,'Slides+PNGs'!M:M,0)) -> 0 | H109: slideset.Rmd | I109: mat-newb-coverage-xmart | J109: https://xmart-api-public.who.int/MNCAH/MCA_FACT_DATA?$filter=INDICATOR_FK%20in%20(%22AC_A4V%22,%22MN_IRTSYR%22,%22WCAH_ANCSYP%22,%22BC_FPSMM%22,%22BC_BASHP%22,%22CANUT_EBF%22,%22CANUT_EIBF%22,%22MN_ARV_PMTCT%22,%22TECI_ORS%22,%22TECI_ORSZINC%22,%22TECI_PNEUHCP%22,%22PNC_MOM%22,%22PNC_NB%22,%22AC_PAB%22,%22WCAH_DTP3%22,%22WCAH_MCV2%22)&$select=INDICATOR_FK,YEAR_FK,COUNTRY_FK,COUNTRY_FK__CODE,ValueNumeric,ValueLow,ValueHigh,ValueStdDev,ValueStdErr,Comments,AGEGROUP_FK,Answer_FK,CauseGHE_FK,CauseGHEChild_FK,CauseENVCAUSE_FK,DatasourceLong,DatasourceShort,ImpSan_FK,ImpWater_FK,LivingArrangements_FK,MEASDEF_FK,MOTHEREDUCATION_FK,ProficiencyLevel_FK,ResideLTA_FK,RESIDENCEAREA_FK,SABDefinition_FK,SEVERITY_FK,SEVERITYHEARING_FK,SEVERITYVISION_FK,SEX_FK,WEALTHQUINTILE_FK | K109: data_export_MNCAH_DM_Indicators_MNHcoveragekp.xlsx
A110: 108 | B110: MNHcoverage_wealth_pncNB_2016-2022.png | C110: =IF(ISERROR(VLOOKUP(B110,'Slides+PNGs'!$M:$M,1,FALSE)),FALSE,TRUE) -> FALSE | D110: TRUE | E110: =INDEX('Slides+PNGs'!$H:H,MATCH($B110,'Slides+PNGs'!M:M,0)) -> #N/A | F110: =INDEX('Slides+PNGs'!$I:I,MATCH($B110,'Slides+PNGs'!M:M,0)) -> #N/A | G110: =INDEX('Slides+PNGs'!$L:L,MATCH($B110,'Slides+PNGs'!M:M,0)) -> #N/A | H110: slideset.Rmd | I110: mat-newb-coverage-xmart | J110: https://xmart-api-public.who.int/MNCAH/MCA_FACT_DATA?$filter=INDICATOR_FK%20in%20(%22AC_A4V%22,%22MN_IRTSYR%22,%22WCAH_ANCSYP%22,%22BC_FPSMM%22,%22BC_BASHP%22,%22CANUT_EBF%22,%22CANUT_EIBF%22,%22MN_ARV_PMTCT%22,%22TECI_ORS%22,%22TECI_ORSZINC%22,%22TECI_PNEUHCP%22,%22PNC_MOM%22,%22PNC_NB%22,%22AC_PAB%22,%22WCAH_DTP3%22,%22WCAH_MCV2%22)&$select=INDICATOR_FK,YEAR_FK,COUNTRY_FK,COUNTRY_FK__CODE,ValueNumeric,ValueLow,ValueHigh,ValueStdDev,ValueStdErr,Comments,AGEGROUP_FK,Answer_FK,CauseGHE_FK,CauseGHEChild_FK,CauseENVCAUSE_FK,DatasourceLong,DatasourceShort,ImpSan_FK,ImpWater_FK,LivingArrangements_FK,MEASDEF_FK,MOTHEREDUCATION_FK,ProficiencyLevel_FK,ResideLTA_FK,RESIDENCEAREA_FK,SABDefinition_FK,SEVERITY_FK,SEVERITYHEARING_FK,SEVERITYVISION_FK,SEX_FK,WEALTHQUINTILE_FK | K110: data_export_MNCAH_DM_Indicators_MNHcoveragekp.xlsx | M110: Was generated but not used in slides?
A111: 109 | B111: MNHcoverage_wealth_pncMOM_2016-2022.png | C111: =IF(ISERROR(VLOOKUP(B111,'Slides+PNGs'!$M:$M,1,FALSE)),FALSE,TRUE) -> FALSE | D111: TRUE | E111: =INDEX('Slides+PNGs'!$H:H,MATCH($B111,'Slides+PNGs'!M:M,0)) -> #N/A | F111: =INDEX('Slides+PNGs'!$I:I,MATCH($B111,'Slides+PNGs'!M:M,0)) -> #N/A | G111: =INDEX('Slides+PNGs'!$L:L,MATCH($B111,'Slides+PNGs'!M:M,0)) -> #N/A | H111: slideset.Rmd | I111: mat-newb-coverage-xmart | J111: https://xmart-api-public.who.int/MNCAH/MCA_FACT_DATA?$filter=INDICATOR_FK%20in%20(%22AC_A4V%22,%22MN_IRTSYR%22,%22WCAH_ANCSYP%22,%22BC_FPSMM%22,%22BC_BASHP%22,%22CANUT_EBF%22,%22CANUT_EIBF%22,%22MN_ARV_PMTCT%22,%22TECI_ORS%22,%22TECI_ORSZINC%22,%22TECI_PNEUHCP%22,%22PNC_MOM%22,%22PNC_NB%22,%22AC_PAB%22,%22WCAH_DTP3%22,%22WCAH_MCV2%22)&$select=INDICATOR_FK,YEAR_FK,COUNTRY_FK,COUNTRY_FK__CODE,ValueNumeric,ValueLow,ValueHigh,ValueStdDev,ValueStdErr,Comments,AGEGROUP_FK,Answer_FK,CauseGHE_FK,CauseGHEChild_FK,CauseENVCAUSE_FK,DatasourceLong,DatasourceShort,ImpSan_FK,ImpWater_FK,LivingArrangements_FK,MEASDEF_FK,MOTHEREDUCATION_FK,ProficiencyLevel_FK,ResideLTA_FK,RESIDENCEAREA_FK,SABDefinition_FK,SEVERITY_FK,SEVERITYHEARING_FK,SEVERITYVISION_FK,SEX_FK,WEALTHQUINTILE_FK | K111: data_export_MNCAH_DM_Indicators_MNHcoveragekp.xlsx | M111: Was generated but not used in slides?
A112: 110 | B112: inequalities_PNC_MOM_decile_xmart.png | C112: =IF(ISERROR(VLOOKUP(B112,'Slides+PNGs'!$M:$M,1,FALSE)),FALSE,TRUE) -> TRUE | D112: TRUE | E112: =INDEX('Slides+PNGs'!$H:H,MATCH($B112,'Slides+PNGs'!M:M,0)) -> N/A | F112: =INDEX('Slides+PNGs'!$I:I,MATCH($B112,'Slides+PNGs'!M:M,0)) -> N/A | G112: =INDEX('Slides+PNGs'!$L:L,MATCH($B112,'Slides+PNGs'!M:M,0)) -> 0 | H112: slideset.Rmd | I112: mat-newb-coverage-xmart | J112: https://xmart-api-public.who.int/MNCAH/MCA_FACT_DATA?$filter=INDICATOR_FK%20in%20(%22AC_A4V%22,%22MN_IRTSYR%22,%22WCAH_ANCSYP%22,%22BC_FPSMM%22,%22BC_BASHP%22,%22CANUT_EBF%22,%22CANUT_EIBF%22,%22MN_ARV_PMTCT%22,%22TECI_ORS%22,%22TECI_ORSZINC%22,%22TECI_PNEUHCP%22,%22PNC_MOM%22,%22PNC_NB%22,%22AC_PAB%22,%22WCAH_DTP3%22,%22WCAH_MCV2%22)&$select=INDICATOR_FK,YEAR_FK,COUNTRY_FK,COUNTRY_FK__CODE,ValueNumeric,ValueLow,ValueHigh,ValueStdDev,ValueStdErr,Comments,AGEGROUP_FK,Answer_FK,CauseGHE_FK,CauseGHEChild_FK,CauseENVCAUSE_FK,DatasourceLong,DatasourceShort,ImpSan_FK,ImpWater_FK,LivingArrangements_FK,MEASDEF_FK,MOTHEREDUCATION_FK,ProficiencyLevel_FK,ResideLTA_FK,RESIDENCEAREA_FK,SABDefinition_FK,SEVERITY_FK,SEVERITYHEARING_FK,SEVERITYVISION_FK,SEX_FK,WEALTHQUINTILE_FK | K112: data_export_MNCAH_DM_Indicators_MNHcoveragekp.xlsx
A113: 111 | B113: inequalities_PNC_NB_decile_xmart.png | C113: =IF(ISERROR(VLOOKUP(B113,'Slides+PNGs'!$M:$M,1,FALSE)),FALSE,TRUE) -> TRUE | D113: TRUE | E113: =INDEX('Slides+PNGs'!$H:H,MATCH($B113,'Slides+PNGs'!M:M,0)) -> N/A | F113: =INDEX('Slides+PNGs'!$I:I,MATCH($B113,'Slides+PNGs'!M:M,0)) -> N/A | G113: =INDEX('Slides+PNGs'!$L:L,MATCH($B113,'Slides+PNGs'!M:M,0)) -> 0 | H113: slideset.Rmd | I113: mat-newb-coverage-xmart | J113: https://xmart-api-public.who.int/MNCAH/MCA_FACT_DATA?$filter=INDICATOR_FK%20in%20(%22AC_A4V%22,%22MN_IRTSYR%22,%22WCAH_ANCSYP%22,%22BC_FPSMM%22,%22BC_BASHP%22,%22CANUT_EBF%22,%22CANUT_EIBF%22,%22MN_ARV_PMTCT%22,%22TECI_ORS%22,%22TECI_ORSZINC%22,%22TECI_PNEUHCP%22,%22PNC_MOM%22,%22PNC_NB%22,%22AC_PAB%22,%22WCAH_DTP3%22,%22WCAH_MCV2%22)&$select=INDICATOR_FK,YEAR_FK,COUNTRY_FK,COUNTRY_FK__CODE,ValueNumeric,ValueLow,ValueHigh,ValueStdDev,ValueStdErr,Comments,AGEGROUP_FK,Answer_FK,CauseGHE_FK,CauseGHEChild_FK,CauseENVCAUSE_FK,DatasourceLong,DatasourceShort,ImpSan_FK,ImpWater_FK,LivingArrangements_FK,MEASDEF_FK,MOTHEREDUCATION_FK,ProficiencyLevel_FK,ResideLTA_FK,RESIDENCEAREA_FK,SABDefinition_FK,SEVERITY_FK,SEVERITYHEARING_FK,SEVERITYVISION_FK,SEX_FK,WEALTHQUINTILE_FK | K113: data_export_MNCAH_DM_Indicators_MNHcoveragekp.xlsx
A114: 112 | B114: inequalities_PNC_MOM_resid_xmart.png | C114: =IF(ISERROR(VLOOKUP(B114,'Slides+PNGs'!$M:$M,1,FALSE)),FALSE,TRUE) -> TRUE | D114: TRUE | E114: =INDEX('Slides+PNGs'!$H:H,MATCH($B114,'Slides+PNGs'!M:M,0)) -> N/A | F114: =INDEX('Slides+PNGs'!$I:I,MATCH($B114,'Slides+PNGs'!M:M,0)) -> N/A | G114: =INDEX('Slides+PNGs'!$L:L,MATCH($B114,'Slides+PNGs'!M:M,0)) -> 0 | H114: slideset.Rmd | I114: mat-newb-coverage-xmart | J114: https://xmart-api-public.who.int/MNCAH/MCA_FACT_DATA?$filter=INDICATOR_FK%20in%20(%22AC_A4V%22,%22MN_IRTSYR%22,%22WCAH_ANCSYP%22,%22BC_FPSMM%22,%22BC_BASHP%22,%22CANUT_EBF%22,%22CANUT_EIBF%22,%22MN_ARV_PMTCT%22,%22TECI_ORS%22,%22TECI_ORSZINC%22,%22TECI_PNEUHCP%22,%22PNC_MOM%22,%22PNC_NB%22,%22AC_PAB%22,%22WCAH_DTP3%22,%22WCAH_MCV2%22)&$select=INDICATOR_FK,YEAR_FK,COUNTRY_FK,COUNTRY_FK__CODE,ValueNumeric,ValueLow,ValueHigh,ValueStdDev,ValueStdErr,Comments,AGEGROUP_FK,Answer_FK,CauseGHE_FK,CauseGHEChild_FK,CauseENVCAUSE_FK,DatasourceLong,DatasourceShort,ImpSan_FK,ImpWater_FK,LivingArrangements_FK,MEASDEF_FK,MOTHEREDUCATION_FK,ProficiencyLevel_FK,ResideLTA_FK,RESIDENCEAREA_FK,SABDefinition_FK,SEVERITY_FK,SEVERITYHEARING_FK,SEVERITYVISION_FK,SEX_FK,WEALTHQUINTILE_FK | K114: data_export_MNCAH_DM_Indicators_MNHcoveragekp.xlsx
A115: 113 | B115: inequalities_PNC_NB_resid_xmart.png | C115: =IF(ISERROR(VLOOKUP(B115,'Slides+PNGs'!$M:$M,1,FALSE)),FALSE,TRUE) -> TRUE | D115: TRUE | E115: =INDEX('Slides+PNGs'!$H:H,MATCH($B115,'Slides+PNGs'!M:M,0)) -> N/A | F115: =INDEX('Slides+PNGs'!$I:I,MATCH($B115,'Slides+PNGs'!M:M,0)) -> N/A | G115: =INDEX('Slides+PNGs'!$L:L,MATCH($B115,'Slides+PNGs'!M:M,0)) -> 0 | H115: slideset.Rmd | I115: mat-newb-coverage-xmart | J115: https://xmart-api-public.who.int/MNCAH/MCA_FACT_DATA?$filter=INDICATOR_FK%20in%20(%22AC_A4V%22,%22MN_IRTSYR%22,%22WCAH_ANCSYP%22,%22BC_FPSMM%22,%22BC_BASHP%22,%22CANUT_EBF%22,%22CANUT_EIBF%22,%22MN_ARV_PMTCT%22,%22TECI_ORS%22,%22TECI_ORSZINC%22,%22TECI_PNEUHCP%22,%22PNC_MOM%22,%22PNC_NB%22,%22AC_PAB%22,%22WCAH_DTP3%22,%22WCAH_MCV2%22)&$select=INDICATOR_FK,YEAR_FK,COUNTRY_FK,COUNTRY_FK__CODE,ValueNumeric,ValueLow,ValueHigh,ValueStdDev,ValueStdErr,Comments,AGEGROUP_FK,Answer_FK,CauseGHE_FK,CauseGHEChild_FK,CauseENVCAUSE_FK,DatasourceLong,DatasourceShort,ImpSan_FK,ImpWater_FK,LivingArrangements_FK,MEASDEF_FK,MOTHEREDUCATION_FK,ProficiencyLevel_FK,ResideLTA_FK,RESIDENCEAREA_FK,SABDefinition_FK,SEVERITY_FK,SEVERITYHEARING_FK,SEVERITYVISION_FK,SEX_FK,WEALTHQUINTILE_FK | K115: data_export_MNCAH_DM_Indicators_MNHcoveragekp.xlsx
A116: 114 | B116: inequalities_sba101_decile_gho.png | C116: =IF(ISERROR(VLOOKUP(B116,'Slides+PNGs'!$M:$M,1,FALSE)),FALSE,TRUE) -> TRUE | D116: TRUE | E116: =INDEX('Slides+PNGs'!$H:H,MATCH($B116,'Slides+PNGs'!M:M,0)) -> N/A | F116: =INDEX('Slides+PNGs'!$I:I,MATCH($B116,'Slides+PNGs'!M:M,0)) -> N/A | G116: =INDEX('Slides+PNGs'!$L:L,MATCH($B116,'Slides+PNGs'!M:M,0)) -> 0 | H116: slideset.Rmd | I116: equity | J116: https://ghoapi.azureedge.net/api/sba
A117: 115 | B117: inequalities_sba104_edu_gho.png | C117: =IF(ISERROR(VLOOKUP(B117,'Slides+PNGs'!$M:$M,1,FALSE)),FALSE,TRUE) -> TRUE | D117: TRUE | E117: =INDEX('Slides+PNGs'!$H:H,MATCH($B117,'Slides+PNGs'!M:M,0)) -> N/A | F117: =INDEX('Slides+PNGs'!$I:I,MATCH($B117,'Slides+PNGs'!M:M,0)) -> N/A | G117: =INDEX('Slides+PNGs'!$L:L,MATCH($B117,'Slides+PNGs'!M:M,0)) -> 0 | H117: slideset.Rmd | I117: equity | J117: https://ghoapi.azureedge.net/api/sba
A118: 116 | B118: inequalities_sba102_resid_gho.png | C118: =IF(ISERROR(VLOOKUP(B118,'Slides+PNGs'!$M:$M,1,FALSE)),FALSE,TRUE) -> TRUE | D118: TRUE | E118: =INDEX('Slides+PNGs'!$H:H,MATCH($B118,'Slides+PNGs'!M:M,0)) -> N/A | F118: =INDEX('Slides+PNGs'!$I:I,MATCH($B118,'Slides+PNGs'!M:M,0)) -> N/A | G118: =INDEX('Slides+PNGs'!$L:L,MATCH($B118,'Slides+PNGs'!M:M,0)) -> 0 | H118: slideset.Rmd | I118: equity | J118: https://ghoapi.azureedge.net/api/sba
A119: 117 | B119: inequalities_sba102_subnatRegion_gho.png | C119: =IF(ISERROR(VLOOKUP(B119,'Slides+PNGs'!$M:$M,1,FALSE)),FALSE,TRUE) -> TRUE | D119: TRUE | E119: =INDEX('Slides+PNGs'!$H:H,MATCH($B119,'Slides+PNGs'!M:M,0)) -> N/A | F119: =INDEX('Slides+PNGs'!$I:I,MATCH($B119,'Slides+PNGs'!M:M,0)) -> N/A | G119: =INDEX('Slides+PNGs'!$L:L,MATCH($B119,'Slides+PNGs'!M:M,0)) -> 0 | H119: slideset.Rmd | I119: equity | J119: https://ghoapi.azureedge.net/api/sba
A120: 118 | B120: inequalities_ors85_decile_gho.png | C120: =IF(ISERROR(VLOOKUP(B120,'Slides+PNGs'!$M:$M,1,FALSE)),FALSE,TRUE) -> TRUE | D120: TRUE | E120: =INDEX('Slides+PNGs'!$H:H,MATCH($B120,'Slides+PNGs'!M:M,0)) -> N/A | F120: =INDEX('Slides+PNGs'!$I:I,MATCH($B120,'Slides+PNGs'!M:M,0)) -> N/A | G120: =INDEX('Slides+PNGs'!$L:L,MATCH($B120,'Slides+PNGs'!M:M,0)) -> 0 | H120: slideset.Rmd | I120: equity | J120: https://ghoapi.azureedge.net/api/ors
A121: 119 | B121: inequalities_ors98_edu_gho.png | C121: =IF(ISERROR(VLOOKUP(B121,'Slides+PNGs'!$M:$M,1,FALSE)),FALSE,TRUE) -> TRUE | D121: TRUE | E121: =INDEX('Slides+PNGs'!$H:H,MATCH($B121,'Slides+PNGs'!M:M,0)) -> N/A | F121: =INDEX('Slides+PNGs'!$I:I,MATCH($B121,'Slides+PNGs'!M:M,0)) -> N/A | G121: =INDEX('Slides+PNGs'!$L:L,MATCH($B121,'Slides+PNGs'!M:M,0)) -> 0 | H121: slideset.Rmd | I121: equity | J121: https://ghoapi.azureedge.net/api/ors
A122: 120 | B122: inequalities_ors97_resid_gho.png | C122: =IF(ISERROR(VLOOKUP(B122,'Slides+PNGs'!$M:$M,1,FALSE)),FALSE,TRUE) -> TRUE | D122: TRUE | E122: =INDEX('Slides+PNGs'!$H:H,MATCH($B122,'Slides+PNGs'!M:M,0)) -> N/A | F122: =INDEX('Slides+PNGs'!$I:I,MATCH($B122,'Slides+PNGs'!M:M,0)) -> N/A | G122: =INDEX('Slides+PNGs'!$L:L,MATCH($B122,'Slides+PNGs'!M:M,0)) -> 0 | H122: slideset.Rmd | I122: equity | J122: https://ghoapi.azureedge.net/api/ors
A123: 121 | B123: inequalities_ors91_subnatRegion_gho.png | C123: =IF(ISERROR(VLOOKUP(B123,'Slides+PNGs'!$M:$M,1,FALSE)),FALSE,TRUE) -> TRUE | D123: TRUE | E123: =INDEX('Slides+PNGs'!$H:H,MATCH($B123,'Slides+PNGs'!M:M,0)) -> N/A | F123: =INDEX('Slides+PNGs'!$I:I,MATCH($B123,'Slides+PNGs'!M:M,0)) -> N/A | G123: =INDEX('Slides+PNGs'!$L:L,MATCH($B123,'Slides+PNGs'!M:M,0)) -> 0 | H123: slideset.Rmd | I123: equity | J123: https://ghoapi.azureedge.net/api/ors
A124: 122 | B124: inequalities_carep76_decile_gho.png | C124: =IF(ISERROR(VLOOKUP(B124,'Slides+PNGs'!$M:$M,1,FALSE)),FALSE,TRUE) -> TRUE | D124: TRUE | E124: =INDEX('Slides+PNGs'!$H:H,MATCH($B124,'Slides+PNGs'!M:M,0)) -> N/A | F124: =INDEX('Slides+PNGs'!$I:I,MATCH($B124,'Slides+PNGs'!M:M,0)) -> N/A | G124: =INDEX('Slides+PNGs'!$L:L,MATCH($B124,'Slides+PNGs'!M:M,0)) -> 0 | H124: slideset.Rmd | I124: equity | J124: https://ghoapi.azureedge.net/api/carep
A125: 123 | B125: inequalities_carep94_edu_gho.png | C125: =IF(ISERROR(VLOOKUP(B125,'Slides+PNGs'!$M:$M,1,FALSE)),FALSE,TRUE) -> TRUE | D125: TRUE | E125: =INDEX('Slides+PNGs'!$H:H,MATCH($B125,'Slides+PNGs'!M:M,0)) -> N/A | F125: =INDEX('Slides+PNGs'!$I:I,MATCH($B125,'Slides+PNGs'!M:M,0)) -> N/A | G125: =INDEX('Slides+PNGs'!$L:L,MATCH($B125,'Slides+PNGs'!M:M,0)) -> 0 | H125: slideset.Rmd | I125: equity | J125: https://ghoapi.azureedge.net/api/carep
A126: 124 | B126: inequalities_carep94_resid_gho.png | C126: =IF(ISERROR(VLOOKUP(B126,'Slides+PNGs'!$M:$M,1,FALSE)),FALSE,TRUE) -> TRUE | D126: TRUE | E126: =INDEX('Slides+PNGs'!$H:H,MATCH($B126,'Slides+PNGs'!M:M,0)) -> N/A | F126: =INDEX('Slides+PNGs'!$I:I,MATCH($B126,'Slides+PNGs'!M:M,0)) -> N/A | G126: =INDEX('Slides+PNGs'!$L:L,MATCH($B126,'Slides+PNGs'!M:M,0)) -> 0 | H126: slideset.Rmd | I126: equity | J126: https://ghoapi.azureedge.net/api/carep
A127: 125 | B127: inequalities_carep83_subnatRegion_gho.png | C127: =IF(ISERROR(VLOOKUP(B127,'Slides+PNGs'!$M:$M,1,FALSE)),FALSE,TRUE) -> TRUE | D127: TRUE | E127: =INDEX('Slides+PNGs'!$H:H,MATCH($B127,'Slides+PNGs'!M:M,0)) -> N/A | F127: =INDEX('Slides+PNGs'!$I:I,MATCH($B127,'Slides+PNGs'!M:M,0)) -> N/A | G127: =INDEX('Slides+PNGs'!$L:L,MATCH($B127,'Slides+PNGs'!M:M,0)) -> 0 | H127: slideset.Rmd | I127: equity | J127: https://ghoapi.azureedge.net/api/carep
A128: 126 | B128: child_coverage_medians2010-22.png | C128: =IF(ISERROR(VLOOKUP(B128,'Slides+PNGs'!$M:$M,1,FALSE)),FALSE,TRUE) -> TRUE | D128: TRUE | E128: =INDEX('Slides+PNGs'!$H:H,MATCH($B128,'Slides+PNGs'!M:M,0)) -> N/A | F128: =INDEX('Slides+PNGs'!$I:I,MATCH($B128,'Slides+PNGs'!M:M,0)) -> N/A | G128: =INDEX('Slides+PNGs'!$L:L,MATCH($B128,'Slides+PNGs'!M:M,0)) -> 0 | H128: slideset.Rmd | I128: child cov | J128: https://xmart-api-public.who.int/MNCAH/MCA_FACT_DATA?$filter=INDICATOR_FK%20in%20(%22TECI_ORS%22,%22TECI_ORSZINC%22,%22TECI_PNEUHCP%22)&$select=INDICATOR_FK,YEAR_FK,COUNTRY_FK,COUNTRY_FK__CODE,ValueString,ValueNumeric,ValueLow,ValueHigh,ValueStdDev,ValueStdErr,Comments,EffectiveDate,EndDate,Status,AGEGROUP_FK,AGEGROUP_FK__CODE,Answer_FK,CauseGHE_FK,CauseGHE_FK__CODE,CauseGHEChild_FK,CauseGHEChild_FK__CODE,CauseENVCAUSE_FK,CauseENVCAUSE_FK__CODE,DatasourceLong,DatasourceShort,ImpSan_FK,ImpWater_FK,LivingArrangements_FK,MEASDEF_FK,MOTHEREDUCATION_FK,ProficiencyLevel_FK,ResideLTA_FK,RESIDENCEAREA_FK,SABDefinition_FK,SEVERITY_FK,SEVERITYHEARING_FK,SEVERITYVISION_FK,SEX_FK,WEALTHQUINTILE_FK
A129: 127 | B129: age_over60pct_map.png | C129: =IF(ISERROR(VLOOKUP(B129,'Slides+PNGs'!$M:$M,1,FALSE)),FALSE,TRUE) -> TRUE | D129: TRUE | E129: =INDEX('Slides+PNGs'!$H:H,MATCH($B129,'Slides+PNGs'!M:M,0)) -> N/A | F129: =INDEX('Slides+PNGs'!$I:I,MATCH($B129,'Slides+PNGs'!M:M,0)) -> N/A | G129: =INDEX('Slides+PNGs'!$L:L,MATCH($B129,'Slides+PNGs'!M:M,0)) -> 0 | H129: slideset.Rmd | I129: aging | J129: https://xmart-api-public.who.int/MNCAH/MCA_FACT_DATA?$filter=INDICATOR_FK%20in%20(%22AGE_OVER60PCT%22,%22AGE_OVER80PCT%22,%22AGE_LE60%22,%22AGE_HALE60%22,%22AGE_MORT_TOP10%22,%22AGE_YLD%22,%22AGE_OBESITY%22,%22AGE_INSUFACT%22,%22AGE_RESIDE%22,%22AGE_LABOUR%22,%22AGE_RESIDELTA%22,%22AGE_FALL%22,%22AGE_BACKPAIN%22,%22AGE_AGEIST%22,%22AGE_ABUSE%22)&$select=INDICATOR_FK,YEAR_FK,COUNTRY_FK,COUNTRY_FK__CODE,ValueString,ValueNumeric,ValueLow,ValueHigh,ValueStdDev,ValueStdErr,Comments,EffectiveDate,EndDate,Status,AGEGROUP_FK,AGEGROUP_FK__CODE,Answer_FK,CauseGHE_FK,CauseGHE_FK__CODE,CauseGHEChild_FK,CauseGHEChild_FK__CODE,CauseENVCAUSE_FK,CauseENVCAUSE_FK__CODE,DatasourceLong,DatasourceShort,ImpSan_FK,ImpWater_FK,LivingArrangements_FK,MEASDEF_FK,MOTHEREDUCATION_FK,ProficiencyLevel_FK,ResideLTA_FK,RESIDENCEAREA_FK,SABDefinition_FK,SEVERITY_FK,SEVERITYHEARING_FK,SEVERITYVISION_FK,SEX_FK,WEALTHQUINTILE_FK | K129: WPP2024_GEN_F01_DEMOGRAPHIC_INDICATORS_COMPACT.xlsx
A130: 128 | B130: age_over60pct_map_2030.png | C130: =IF(ISERROR(VLOOKUP(B130,'Slides+PNGs'!$M:$M,1,FALSE)),FALSE,TRUE) -> TRUE | D130: TRUE | E130: =INDEX('Slides+PNGs'!$H:H,MATCH($B130,'Slides+PNGs'!M:M,0)) -> N/A | F130: =INDEX('Slides+PNGs'!$I:I,MATCH($B130,'Slides+PNGs'!M:M,0)) -> N/A | G130: =INDEX('Slides+PNGs'!$L:L,MATCH($B130,'Slides+PNGs'!M:M,0)) -> 0 | H130: slideset.Rmd | I130: aging | J130: https://xmart-api-public.who.int/MNCAH/MCA_FACT_DATA?$filter=INDICATOR_FK%20in%20(%22AGE_OVER60PCT%22,%22AGE_OVER80PCT%22,%22AGE_LE60%22,%22AGE_HALE60%22,%22AGE_MORT_TOP10%22,%22AGE_YLD%22,%22AGE_OBESITY%22,%22AGE_INSUFACT%22,%22AGE_RESIDE%22,%22AGE_LABOUR%22,%22AGE_RESIDELTA%22,%22AGE_FALL%22,%22AGE_BACKPAIN%22,%22AGE_AGEIST%22,%22AGE_ABUSE%22)&$select=INDICATOR_FK,YEAR_FK,COUNTRY_FK,COUNTRY_FK__CODE,ValueString,ValueNumeric,ValueLow,ValueHigh,ValueStdDev,ValueStdErr,Comments,EffectiveDate,EndDate,Status,AGEGROUP_FK,AGEGROUP_FK__CODE,Answer_FK,CauseGHE_FK,CauseGHE_FK__CODE,CauseGHEChild_FK,CauseGHEChild_FK__CODE,CauseENVCAUSE_FK,CauseENVCAUSE_FK__CODE,DatasourceLong,DatasourceShort,ImpSan_FK,ImpWater_FK,LivingArrangements_FK,MEASDEF_FK,MOTHEREDUCATION_FK,ProficiencyLevel_FK,ResideLTA_FK,RESIDENCEAREA_FK,SABDefinition_FK,SEVERITY_FK,SEVERITYHEARING_FK,SEVERITYVISION_FK,SEX_FK,WEALTHQUINTILE_FK | K130: WPP2024_GEN_F01_DEMOGRAPHIC_INDICATORS_COMPACT.xlsx
A131: 129 | B131: age_over60pct_map-2050.png | C131: =IF(ISERROR(VLOOKUP(B131,'Slides+PNGs'!$M:$M,1,FALSE)),FALSE,TRUE) -> TRUE | D131: TRUE | E131: =INDEX('Slides+PNGs'!$H:H,MATCH($B131,'Slides+PNGs'!M:M,0)) -> N/A | F131: =INDEX('Slides+PNGs'!$I:I,MATCH($B131,'Slides+PNGs'!M:M,0)) -> N/A | G131: =INDEX('Slides+PNGs'!$L:L,MATCH($B131,'Slides+PNGs'!M:M,0)) -> 0 | H131: slideset.Rmd | I131: aging | J131: https://xmart-api-public.who.int/MNCAH/MCA_FACT_DATA?$filter=INDICATOR_FK%20in%20(%22AGE_OVER60PCT%22,%22AGE_OVER80PCT%22,%22AGE_LE60%22,%22AGE_HALE60%22,%22AGE_MORT_TOP10%22,%22AGE_YLD%22,%22AGE_OBESITY%22,%22AGE_INSUFACT%22,%22AGE_RESIDE%22,%22AGE_LABOUR%22,%22AGE_RESIDELTA%22,%22AGE_FALL%22,%22AGE_BACKPAIN%22,%22AGE_AGEIST%22,%22AGE_ABUSE%22)&$select=INDICATOR_FK,YEAR_FK,COUNTRY_FK,COUNTRY_FK__CODE,ValueString,ValueNumeric,ValueLow,ValueHigh,ValueStdDev,ValueStdErr,Comments,EffectiveDate,EndDate,Status,AGEGROUP_FK,AGEGROUP_FK__CODE,Answer_FK,CauseGHE_FK,CauseGHE_FK__CODE,CauseGHEChild_FK,CauseGHEChild_FK__CODE,CauseENVCAUSE_FK,CauseENVCAUSE_FK__CODE,DatasourceLong,DatasourceShort,ImpSan_FK,ImpWater_FK,LivingArrangements_FK,MEASDEF_FK,MOTHEREDUCATION_FK,ProficiencyLevel_FK,ResideLTA_FK,RESIDENCEAREA_FK,SABDefinition_FK,SEVERITY_FK,SEVERITYHEARING_FK,SEVERITYVISION_FK,SEX_FK,WEALTHQUINTILE_FK | K131: WPP2024_GEN_F01_DEMOGRAPHIC_INDICATORS_COMPACT.xlsx
...
